id	token
6	<unused0>
7	<unused1>
8	<unused2>
9	<unused3>
10	<unused4>
11	<unused5>
12	<unused6>
13	<unused7>
14	<unused8>
15	<unused9>
16	<unused10>
17	<unused11>
18	<unused12>
19	<unused13>
20	<unused14>
21	<unused15>
22	<unused16>
23	<unused17>
24	<unused18>
25	<unused19>
26	<unused20>
27	<unused21>
28	<unused22>
29	<unused23>
30	<unused24>
31	<unused25>
32	<unused26>
33	<unused27>
34	<unused28>
35	<unused29>
36	<unused30>
37	<unused31>
38	<unused32>
39	<unused33>
40	<unused34>
41	<unused35>
42	<unused36>
43	<unused37>
44	<unused38>
45	<unused39>
46	<unused40>
47	<unused41>
48	<unused42>
49	<unused43>
50	<unused44>
51	<unused45>
52	<unused46>
53	<unused47>
54	<unused48>
55	<unused49>
56	<unused50>
57	<unused51>
58	<unused52>
59	<unused53>
60	<unused54>
61	<unused55>
62	<unused56>
63	<unused57>
64	<unused58>
65	<unused59>
66	<unused60>
67	<unused61>
68	<unused62>
69	<unused63>
70	<unused64>
71	<unused65>
72	<unused66>
73	<unused67>
74	<unused68>
75	<unused69>
76	<unused70>
77	<unused71>
78	<unused72>
79	<unused73>
80	<unused74>
81	<unused75>
82	<unused76>
83	<unused77>
84	<unused78>
85	<unused79>
86	<unused80>
87	<unused81>
88	<unused82>
89	<unused83>
90	<unused84>
91	<unused85>
92	<unused86>
93	<unused87>
94	<unused88>
95	<unused89>
96	<unused90>
97	<unused91>
98	<unused92>
99	<unused93>
100	<unused94>
101	<unused95>
102	<unused96>
103	<unused97>
104	<unused98>
184	<h1>
185	<h2>
186	<h3>
187	<h4>
188	<h5>
189	<h6>
191	</h1>
192	</h2>
193	</h3>
194	</h4>
195	</h5>
196	</h6>
238	<0x00>
239	<0x01>
240	<0x02>
241	<0x03>
242	<0x04>
243	<0x05>
244	<0x06>
245	<0x07>
246	<0x08>
247	<0x09>
248	<0x0A>
249	<0x0B>
250	<0x0C>
251	<0x0D>
252	<0x0E>
253	<0x0F>
254	<0x10>
255	<0x11>
256	<0x12>
257	<0x13>
258	<0x14>
259	<0x15>
260	<0x16>
261	<0x17>
262	<0x18>
263	<0x19>
264	<0x1A>
265	<0x1B>
266	<0x1C>
267	<0x1D>
268	<0x1E>
269	<0x1F>
270	<0x20>
271	<0x21>
272	<0x22>
273	<0x23>
274	<0x24>
275	<0x25>
276	<0x26>
277	<0x27>
278	<0x28>
279	<0x29>
280	<0x2A>
281	<0x2B>
282	<0x2C>
283	<0x2D>
284	<0x2E>
285	<0x2F>
286	<0x30>
287	<0x31>
288	<0x32>
289	<0x33>
290	<0x34>
291	<0x35>
292	<0x36>
293	<0x37>
294	<0x38>
295	<0x39>
296	<0x3A>
297	<0x3B>
298	<0x3C>
299	<0x3D>
300	<0x3E>
301	<0x3F>
302	<0x40>
303	<0x41>
304	<0x42>
305	<0x43>
306	<0x44>
307	<0x45>
308	<0x46>
309	<0x47>
310	<0x48>
311	<0x49>
312	<0x4A>
313	<0x4B>
314	<0x4C>
315	<0x4D>
316	<0x4E>
317	<0x4F>
318	<0x50>
319	<0x51>
320	<0x52>
321	<0x53>
322	<0x54>
323	<0x55>
324	<0x56>
325	<0x57>
326	<0x58>
327	<0x59>
328	<0x5A>
329	<0x5B>
330	<0x5C>
331	<0x5D>
332	<0x5E>
333	<0x5F>
334	<0x60>
335	<0x61>
336	<0x62>
337	<0x63>
338	<0x64>
339	<0x65>
340	<0x66>
341	<0x67>
342	<0x68>
343	<0x69>
344	<0x6A>
345	<0x6B>
346	<0x6C>
347	<0x6D>
348	<0x6E>
349	<0x6F>
350	<0x70>
351	<0x71>
352	<0x72>
353	<0x73>
354	<0x74>
355	<0x75>
356	<0x76>
357	<0x77>
358	<0x78>
359	<0x79>
360	<0x7A>
361	<0x7B>
362	<0x7C>
363	<0x7D>
364	<0x7E>
365	<0x7F>
366	<0x80>
367	<0x81>
368	<0x82>
369	<0x83>
370	<0x84>
371	<0x85>
372	<0x86>
373	<0x87>
374	<0x88>
375	<0x89>
376	<0x8A>
377	<0x8B>
378	<0x8C>
379	<0x8D>
380	<0x8E>
381	<0x8F>
382	<0x90>
383	<0x91>
384	<0x92>
385	<0x93>
386	<0x94>
387	<0x95>
388	<0x96>
389	<0x97>
390	<0x98>
391	<0x99>
392	<0x9A>
393	<0x9B>
394	<0x9C>
395	<0x9D>
396	<0x9E>
397	<0x9F>
398	<0xA0>
399	<0xA1>
400	<0xA2>
401	<0xA3>
402	<0xA4>
403	<0xA5>
404	<0xA6>
405	<0xA7>
406	<0xA8>
407	<0xA9>
408	<0xAA>
409	<0xAB>
410	<0xAC>
411	<0xAD>
412	<0xAE>
413	<0xAF>
414	<0xB0>
415	<0xB1>
416	<0xB2>
417	<0xB3>
418	<0xB4>
419	<0xB5>
420	<0xB6>
421	<0xB7>
422	<0xB8>
423	<0xB9>
424	<0xBA>
425	<0xBB>
426	<0xBC>
427	<0xBD>
428	<0xBE>
429	<0xBF>
430	<0xC0>
431	<0xC1>
432	<0xC2>
433	<0xC3>
434	<0xC4>
435	<0xC5>
436	<0xC6>
437	<0xC7>
438	<0xC8>
439	<0xC9>
440	<0xCA>
441	<0xCB>
442	<0xCC>
443	<0xCD>
444	<0xCE>
445	<0xCF>
446	<0xD0>
447	<0xD1>
448	<0xD2>
449	<0xD3>
450	<0xD4>
451	<0xD5>
452	<0xD6>
453	<0xD7>
454	<0xD8>
455	<0xD9>
456	<0xDA>
457	<0xDB>
458	<0xDC>
459	<0xDD>
460	<0xDE>
461	<0xDF>
462	<0xE0>
463	<0xE1>
464	<0xE2>
465	<0xE3>
466	<0xE4>
467	<0xE5>
468	<0xE6>
469	<0xE7>
470	<0xE8>
471	<0xE9>
472	<0xEA>
473	<0xEB>
474	<0xEC>
475	<0xED>
476	<0xEE>
477	<0xEF>
478	<0xF0>
479	<0xF1>
480	<0xF2>
481	<0xF3>
482	<0xF4>
483	<0xF5>
484	<0xF6>
485	<0xF7>
486	<0xF8>
487	<0xF9>
488	<0xFA>
489	<0xFB>
490	<0xFC>
491	<0xFD>
492	<0xFE>
493	<0xFF>
65035	▁১২শ
69299	১২শ
139004	▁৯ম
173029	▁১ম
192874	▁২টি
193714	▁৪র্থ
198511	▁৮ম
206979	▁৫ম
256001	<unused99>
256002	<unused100>
256003	<unused101>
256004	<unused102>
256005	<unused103>
256006	<unused104>
256007	<unused105>
256008	<unused106>
256009	<unused107>
256010	<unused108>
256011	<unused109>
256012	<unused110>
256013	<unused111>
256014	<unused112>
256015	<unused113>
256016	<unused114>
256017	<unused115>
256018	<unused116>
256019	<unused117>
256020	<unused118>
256021	<unused119>
256022	<unused120>
256023	<unused121>
256024	<unused122>
256025	<unused123>
256026	<unused124>
256027	<unused125>
256028	<unused126>
256029	<unused127>
256030	<unused128>
256031	<unused129>
256032	<unused130>
256033	<unused131>
256034	<unused132>
256035	<unused133>
256036	<unused134>
256037	<unused135>
256038	<unused136>
256039	<unused137>
256040	<unused138>
256041	<unused139>
256042	<unused140>
256043	<unused141>
256044	<unused142>
256045	<unused143>
256046	<unused144>
256047	<unused145>
256048	<unused146>
256049	<unused147>
256050	<unused148>
256051	<unused149>
256052	<unused150>
256053	<unused151>
256054	<unused152>
256055	<unused153>
256056	<unused154>
256057	<unused155>
256058	<unused156>
256059	<unused157>
256060	<unused158>
256061	<unused159>
256062	<unused160>
256063	<unused161>
256064	<unused162>
256065	<unused163>
256066	<unused164>
256067	<unused165>
256068	<unused166>
256069	<unused167>
256070	<unused168>
256071	<unused169>
256072	<unused170>
256073	<unused171>
256074	<unused172>
256075	<unused173>
256076	<unused174>
256077	<unused175>
256078	<unused176>
256079	<unused177>
256080	<unused178>
256081	<unused179>
256082	<unused180>
256083	<unused181>
256084	<unused182>
256085	<unused183>
256086	<unused184>
256087	<unused185>
256088	<unused186>
256089	<unused187>
256090	<unused188>
256091	<unused189>
256092	<unused190>
256093	<unused191>
256094	<unused192>
256095	<unused193>
256096	<unused194>
256097	<unused195>
256098	<unused196>
256099	<unused197>
256100	<unused198>
256101	<unused199>
256102	<unused200>
256103	<unused201>
256104	<unused202>
256105	<unused203>
256106	<unused204>
256107	<unused205>
256108	<unused206>
256109	<unused207>
256110	<unused208>
256111	<unused209>
256112	<unused210>
256113	<unused211>
256114	<unused212>
256115	<unused213>
256116	<unused214>
256117	<unused215>
256118	<unused216>
256119	<unused217>
256120	<unused218>
256121	<unused219>
256122	<unused220>
256123	<unused221>
256124	<unused222>
256125	<unused223>
256126	<unused224>
256127	<unused225>
256128	<unused226>
256129	<unused227>
256130	<unused228>
256131	<unused229>
256132	<unused230>
256133	<unused231>
256134	<unused232>
256135	<unused233>
256136	<unused234>
256137	<unused235>
256138	<unused236>
256139	<unused237>
256140	<unused238>
256141	<unused239>
256142	<unused240>
256143	<unused241>
256144	<unused242>
256145	<unused243>
256146	<unused244>
256147	<unused245>
256148	<unused246>
256149	<unused247>
256150	<unused248>
256151	<unused249>
256152	<unused250>
256153	<unused251>
256154	<unused252>
256155	<unused253>
256156	<unused254>
256157	<unused255>
256158	<unused256>
256159	<unused257>
256160	<unused258>
256161	<unused259>
256162	<unused260>
256163	<unused261>
256164	<unused262>
256165	<unused263>
256166	<unused264>
256167	<unused265>
256168	<unused266>
256169	<unused267>
256170	<unused268>
256171	<unused269>
256172	<unused270>
256173	<unused271>
256174	<unused272>
256175	<unused273>
256176	<unused274>
256177	<unused275>
256178	<unused276>
256179	<unused277>
256180	<unused278>
256181	<unused279>
256182	<unused280>
256183	<unused281>
256184	<unused282>
256185	<unused283>
256186	<unused284>
256187	<unused285>
256188	<unused286>
256189	<unused287>
256190	<unused288>
256191	<unused289>
256192	<unused290>
256193	<unused291>
256194	<unused292>
256195	<unused293>
256196	<unused294>
256197	<unused295>
256198	<unused296>
256199	<unused297>
256200	<unused298>
256201	<unused299>
256202	<unused300>
256203	<unused301>
256204	<unused302>
256205	<unused303>
256206	<unused304>
256207	<unused305>
256208	<unused306>
256209	<unused307>
256210	<unused308>
256211	<unused309>
256212	<unused310>
256213	<unused311>
256214	<unused312>
256215	<unused313>
256216	<unused314>
256217	<unused315>
256218	<unused316>
256219	<unused317>
256220	<unused318>
256221	<unused319>
256222	<unused320>
256223	<unused321>
256224	<unused322>
256225	<unused323>
256226	<unused324>
256227	<unused325>
256228	<unused326>
256229	<unused327>
256230	<unused328>
256231	<unused329>
256232	<unused330>
256233	<unused331>
256234	<unused332>
256235	<unused333>
256236	<unused334>
256237	<unused335>
256238	<unused336>
256239	<unused337>
256240	<unused338>
256241	<unused339>
256242	<unused340>
256243	<unused341>
256244	<unused342>
256245	<unused343>
256246	<unused344>
256247	<unused345>
256248	<unused346>
256249	<unused347>
256250	<unused348>
256251	<unused349>
256252	<unused350>
256253	<unused351>
256254	<unused352>
256255	<unused353>
256256	<unused354>
256257	<unused355>
256258	<unused356>
256259	<unused357>
256260	<unused358>
256261	<unused359>
256262	<unused360>
256263	<unused361>
256264	<unused362>
256265	<unused363>
256266	<unused364>
256267	<unused365>
256268	<unused366>
256269	<unused367>
256270	<unused368>
256271	<unused369>
256272	<unused370>
256273	<unused371>
256274	<unused372>
256275	<unused373>
256276	<unused374>
256277	<unused375>
256278	<unused376>
256279	<unused377>
256280	<unused378>
256281	<unused379>
256282	<unused380>
256283	<unused381>
256284	<unused382>
256285	<unused383>
256286	<unused384>
256287	<unused385>
256288	<unused386>
256289	<unused387>
256290	<unused388>
256291	<unused389>
256292	<unused390>
256293	<unused391>
256294	<unused392>
256295	<unused393>
256296	<unused394>
256297	<unused395>
256298	<unused396>
256299	<unused397>
256300	<unused398>
256301	<unused399>
256302	<unused400>
256303	<unused401>
256304	<unused402>
256305	<unused403>
256306	<unused404>
256307	<unused405>
256308	<unused406>
256309	<unused407>
256310	<unused408>
256311	<unused409>
256312	<unused410>
256313	<unused411>
256314	<unused412>
256315	<unused413>
256316	<unused414>
256317	<unused415>
256318	<unused416>
256319	<unused417>
256320	<unused418>
256321	<unused419>
256322	<unused420>
256323	<unused421>
256324	<unused422>
256325	<unused423>
256326	<unused424>
256327	<unused425>
256328	<unused426>
256329	<unused427>
256330	<unused428>
256331	<unused429>
256332	<unused430>
256333	<unused431>
256334	<unused432>
256335	<unused433>
256336	<unused434>
256337	<unused435>
256338	<unused436>
256339	<unused437>
256340	<unused438>
256341	<unused439>
256342	<unused440>
256343	<unused441>
256344	<unused442>
256345	<unused443>
256346	<unused444>
256347	<unused445>
256348	<unused446>
256349	<unused447>
256350	<unused448>
256351	<unused449>
256352	<unused450>
256353	<unused451>
256354	<unused452>
256355	<unused453>
256356	<unused454>
256357	<unused455>
256358	<unused456>
256359	<unused457>
256360	<unused458>
256361	<unused459>
256362	<unused460>
256363	<unused461>
256364	<unused462>
256365	<unused463>
256366	<unused464>
256367	<unused465>
256368	<unused466>
256369	<unused467>
256370	<unused468>
256371	<unused469>
256372	<unused470>
256373	<unused471>
256374	<unused472>
256375	<unused473>
256376	<unused474>
256377	<unused475>
256378	<unused476>
256379	<unused477>
256380	<unused478>
256381	<unused479>
256382	<unused480>
256383	<unused481>
256384	<unused482>
256385	<unused483>
256386	<unused484>
256387	<unused485>
256388	<unused486>
256389	<unused487>
256390	<unused488>
256391	<unused489>
256392	<unused490>
256393	<unused491>
256394	<unused492>
256395	<unused493>
256396	<unused494>
256397	<unused495>
256398	<unused496>
256399	<unused497>
256400	<unused498>
256401	<unused499>
256402	<unused500>
256403	<unused501>
256404	<unused502>
256405	<unused503>
256406	<unused504>
256407	<unused505>
256408	<unused506>
256409	<unused507>
256410	<unused508>
256411	<unused509>
256412	<unused510>
256413	<unused511>
256414	<unused512>
256415	<unused513>
256416	<unused514>
256417	<unused515>
256418	<unused516>
256419	<unused517>
256420	<unused518>
256421	<unused519>
256422	<unused520>
256423	<unused521>
256424	<unused522>
256425	<unused523>
256426	<unused524>
256427	<unused525>
256428	<unused526>
256429	<unused527>
256430	<unused528>
256431	<unused529>
256432	<unused530>
256433	<unused531>
256434	<unused532>
256435	<unused533>
256436	<unused534>
256437	<unused535>
256438	<unused536>
256439	<unused537>
256440	<unused538>
256441	<unused539>
256442	<unused540>
256443	<unused541>
256444	<unused542>
256445	<unused543>
256446	<unused544>
256447	<unused545>
256448	<unused546>
256449	<unused547>
256450	<unused548>
256451	<unused549>
256452	<unused550>
256453	<unused551>
256454	<unused552>
256455	<unused553>
256456	<unused554>
256457	<unused555>
256458	<unused556>
256459	<unused557>
256460	<unused558>
256461	<unused559>
256462	<unused560>
256463	<unused561>
256464	<unused562>
256465	<unused563>
256466	<unused564>
256467	<unused565>
256468	<unused566>
256469	<unused567>
256470	<unused568>
256471	<unused569>
256472	<unused570>
256473	<unused571>
256474	<unused572>
256475	<unused573>
256476	<unused574>
256477	<unused575>
256478	<unused576>
256479	<unused577>
256480	<unused578>
256481	<unused579>
256482	<unused580>
256483	<unused581>
256484	<unused582>
256485	<unused583>
256486	<unused584>
256487	<unused585>
256488	<unused586>
256489	<unused587>
256490	<unused588>
256491	<unused589>
256492	<unused590>
256493	<unused591>
256494	<unused592>
256495	<unused593>
256496	<unused594>
256497	<unused595>
256498	<unused596>
256499	<unused597>
256500	<unused598>
256501	<unused599>
256502	<unused600>
256503	<unused601>
256504	<unused602>
256505	<unused603>
256506	<unused604>
256507	<unused605>
256508	<unused606>
256509	<unused607>
256510	<unused608>
256511	<unused609>
256512	<unused610>
256513	<unused611>
256514	<unused612>
256515	<unused613>
256516	<unused614>
256517	<unused615>
256518	<unused616>
256519	<unused617>
256520	<unused618>
256521	<unused619>
256522	<unused620>
256523	<unused621>
256524	<unused622>
256525	<unused623>
256526	<unused624>
256527	<unused625>
256528	<unused626>
256529	<unused627>
256530	<unused628>
256531	<unused629>
256532	<unused630>
256533	<unused631>
256534	<unused632>
256535	<unused633>
256536	<unused634>
256537	<unused635>
256538	<unused636>
256539	<unused637>
256540	<unused638>
256541	<unused639>
256542	<unused640>
256543	<unused641>
256544	<unused642>
256545	<unused643>
256546	<unused644>
256547	<unused645>
256548	<unused646>
256549	<unused647>
256550	<unused648>
256551	<unused649>
256552	<unused650>
256553	<unused651>
256554	<unused652>
256555	<unused653>
256556	<unused654>
256557	<unused655>
256558	<unused656>
256559	<unused657>
256560	<unused658>
256561	<unused659>
256562	<unused660>
256563	<unused661>
256564	<unused662>
256565	<unused663>
256566	<unused664>
256567	<unused665>
256568	<unused666>
256569	<unused667>
256570	<unused668>
256571	<unused669>
256572	<unused670>
256573	<unused671>
256574	<unused672>
256575	<unused673>
256576	<unused674>
256577	<unused675>
256578	<unused676>
256579	<unused677>
256580	<unused678>
256581	<unused679>
256582	<unused680>
256583	<unused681>
256584	<unused682>
256585	<unused683>
256586	<unused684>
256587	<unused685>
256588	<unused686>
256589	<unused687>
256590	<unused688>
256591	<unused689>
256592	<unused690>
256593	<unused691>
256594	<unused692>
256595	<unused693>
256596	<unused694>
256597	<unused695>
256598	<unused696>
256599	<unused697>
256600	<unused698>
256601	<unused699>
256602	<unused700>
256603	<unused701>
256604	<unused702>
256605	<unused703>
256606	<unused704>
256607	<unused705>
256608	<unused706>
256609	<unused707>
256610	<unused708>
256611	<unused709>
256612	<unused710>
256613	<unused711>
256614	<unused712>
256615	<unused713>
256616	<unused714>
256617	<unused715>
256618	<unused716>
256619	<unused717>
256620	<unused718>
256621	<unused719>
256622	<unused720>
256623	<unused721>
256624	<unused722>
256625	<unused723>
256626	<unused724>
256627	<unused725>
256628	<unused726>
256629	<unused727>
256630	<unused728>
256631	<unused729>
256632	<unused730>
256633	<unused731>
256634	<unused732>
256635	<unused733>
256636	<unused734>
256637	<unused735>
256638	<unused736>
256639	<unused737>
256640	<unused738>
256641	<unused739>
256642	<unused740>
256643	<unused741>
256644	<unused742>
256645	<unused743>
256646	<unused744>
256647	<unused745>
256648	<unused746>
256649	<unused747>
256650	<unused748>
256651	<unused749>
256652	<unused750>
256653	<unused751>
256654	<unused752>
256655	<unused753>
256656	<unused754>
256657	<unused755>
256658	<unused756>
256659	<unused757>
256660	<unused758>
256661	<unused759>
256662	<unused760>
256663	<unused761>
256664	<unused762>
256665	<unused763>
256666	<unused764>
256667	<unused765>
256668	<unused766>
256669	<unused767>
256670	<unused768>
256671	<unused769>
256672	<unused770>
256673	<unused771>
256674	<unused772>
256675	<unused773>
256676	<unused774>
256677	<unused775>
256678	<unused776>
256679	<unused777>
256680	<unused778>
256681	<unused779>
256682	<unused780>
256683	<unused781>
256684	<unused782>
256685	<unused783>
256686	<unused784>
256687	<unused785>
256688	<unused786>
256689	<unused787>
256690	<unused788>
256691	<unused789>
256692	<unused790>
256693	<unused791>
256694	<unused792>
256695	<unused793>
256696	<unused794>
256697	<unused795>
256698	<unused796>
256699	<unused797>
256700	<unused798>
256701	<unused799>
256702	<unused800>
256703	<unused801>
256704	<unused802>
256705	<unused803>
256706	<unused804>
256707	<unused805>
256708	<unused806>
256709	<unused807>
256710	<unused808>
256711	<unused809>
256712	<unused810>
256713	<unused811>
256714	<unused812>
256715	<unused813>
256716	<unused814>
256717	<unused815>
256718	<unused816>
256719	<unused817>
256720	<unused818>
256721	<unused819>
256722	<unused820>
256723	<unused821>
256724	<unused822>
256725	<unused823>
256726	<unused824>
256727	<unused825>
256728	<unused826>
256729	<unused827>
256730	<unused828>
256731	<unused829>
256732	<unused830>
256733	<unused831>
256734	<unused832>
256735	<unused833>
256736	<unused834>
256737	<unused835>
256738	<unused836>
256739	<unused837>
256740	<unused838>
256741	<unused839>
256742	<unused840>
256743	<unused841>
256744	<unused842>
256745	<unused843>
256746	<unused844>
256747	<unused845>
256748	<unused846>
256749	<unused847>
256750	<unused848>
256751	<unused849>
256752	<unused850>
256753	<unused851>
256754	<unused852>
256755	<unused853>
256756	<unused854>
256757	<unused855>
256758	<unused856>
256759	<unused857>
256760	<unused858>
256761	<unused859>
256762	<unused860>
256763	<unused861>
256764	<unused862>
256765	<unused863>
256766	<unused864>
256767	<unused865>
256768	<unused866>
256769	<unused867>
256770	<unused868>
256771	<unused869>
256772	<unused870>
256773	<unused871>
256774	<unused872>
256775	<unused873>
256776	<unused874>
256777	<unused875>
256778	<unused876>
256779	<unused877>
256780	<unused878>
256781	<unused879>
256782	<unused880>
256783	<unused881>
256784	<unused882>
256785	<unused883>
256786	<unused884>
256787	<unused885>
256788	<unused886>
256789	<unused887>
256790	<unused888>
256791	<unused889>
256792	<unused890>
256793	<unused891>
256794	<unused892>
256795	<unused893>
256796	<unused894>
256797	<unused895>
256798	<unused896>
256799	<unused897>
256800	<unused898>
256801	<unused899>
256802	<unused900>
256803	<unused901>
256804	<unused902>
256805	<unused903>
256806	<unused904>
256807	<unused905>
256808	<unused906>
256809	<unused907>
256810	<unused908>
256811	<unused909>
256812	<unused910>
256813	<unused911>
256814	<unused912>
256815	<unused913>
256816	<unused914>
256817	<unused915>
256818	<unused916>
256819	<unused917>
256820	<unused918>
256821	<unused919>
256822	<unused920>
256823	<unused921>
256824	<unused922>
256825	<unused923>
256826	<unused924>
256827	<unused925>
256828	<unused926>
256829	<unused927>
256830	<unused928>
256831	<unused929>
256832	<unused930>
256833	<unused931>
256834	<unused932>
256835	<unused933>
256836	<unused934>
256837	<unused935>
256838	<unused936>
256839	<unused937>
256840	<unused938>
256841	<unused939>
256842	<unused940>
256843	<unused941>
256844	<unused942>
256845	<unused943>
256846	<unused944>
256847	<unused945>
256848	<unused946>
256849	<unused947>
256850	<unused948>
256851	<unused949>
256852	<unused950>
256853	<unused951>
256854	<unused952>
256855	<unused953>
256856	<unused954>
256857	<unused955>
256858	<unused956>
256859	<unused957>
256860	<unused958>
256861	<unused959>
256862	<unused960>
256863	<unused961>
256864	<unused962>
256865	<unused963>
256866	<unused964>
256867	<unused965>
256868	<unused966>
256869	<unused967>
256870	<unused968>
256871	<unused969>
256872	<unused970>
256873	<unused971>
256874	<unused972>
256875	<unused973>
256876	<unused974>
256877	<unused975>
256878	<unused976>
256879	<unused977>
256880	<unused978>
256881	<unused979>
256882	<unused980>
256883	<unused981>
256884	<unused982>
256885	<unused983>
256886	<unused984>
256887	<unused985>
256888	<unused986>
256889	<unused987>
256890	<unused988>
256891	<unused989>
256892	<unused990>
256893	<unused991>
256894	<unused992>
256895	<unused993>
256896	<unused994>
256897	<unused995>
256898	<unused996>
256899	<unused997>
256900	<unused998>
256901	<unused999>
256902	<unused1000>
256903	<unused1001>
256904	<unused1002>
256905	<unused1003>
256906	<unused1004>
256907	<unused1005>
256908	<unused1006>
256909	<unused1007>
256910	<unused1008>
256911	<unused1009>
256912	<unused1010>
256913	<unused1011>
256914	<unused1012>
256915	<unused1013>
256916	<unused1014>
256917	<unused1015>
256918	<unused1016>
256919	<unused1017>
256920	<unused1018>
256921	<unused1019>
256922	<unused1020>
256923	<unused1021>
256924	<unused1022>
256925	<unused1023>
256926	<unused1024>
256927	<unused1025>
256928	<unused1026>
256929	<unused1027>
256930	<unused1028>
256931	<unused1029>
256932	<unused1030>
256933	<unused1031>
256934	<unused1032>
256935	<unused1033>
256936	<unused1034>
256937	<unused1035>
256938	<unused1036>
256939	<unused1037>
256940	<unused1038>
256941	<unused1039>
256942	<unused1040>
256943	<unused1041>
256944	<unused1042>
256945	<unused1043>
256946	<unused1044>
256947	<unused1045>
256948	<unused1046>
256949	<unused1047>
256950	<unused1048>
256951	<unused1049>
256952	<unused1050>
256953	<unused1051>
256954	<unused1052>
256955	<unused1053>
256956	<unused1054>
256957	<unused1055>
256958	<unused1056>
256959	<unused1057>
256960	<unused1058>
256961	<unused1059>
256962	<unused1060>
256963	<unused1061>
256964	<unused1062>
256965	<unused1063>
256966	<unused1064>
256967	<unused1065>
256968	<unused1066>
256969	<unused1067>
256970	<unused1068>
256971	<unused1069>
256972	<unused1070>
256973	<unused1071>
256974	<unused1072>
256975	<unused1073>
256976	<unused1074>
256977	<unused1075>
256978	<unused1076>
256979	<unused1077>
256980	<unused1078>
256981	<unused1079>
256982	<unused1080>
256983	<unused1081>
256984	<unused1082>
256985	<unused1083>
256986	<unused1084>
256987	<unused1085>
256988	<unused1086>
256989	<unused1087>
256990	<unused1088>
256991	<unused1089>
256992	<unused1090>
256993	<unused1091>
256994	<unused1092>
256995	<unused1093>
256996	<unused1094>
256997	<unused1095>
256998	<unused1096>
256999	<unused1097>
257000	<unused1098>
257001	<unused1099>
257002	<unused1100>
257003	<unused1101>
257004	<unused1102>
257005	<unused1103>
257006	<unused1104>
257007	<unused1105>
257008	<unused1106>
257009	<unused1107>
257010	<unused1108>
257011	<unused1109>
257012	<unused1110>
257013	<unused1111>
257014	<unused1112>
257015	<unused1113>
257016	<unused1114>
257017	<unused1115>
257018	<unused1116>
257019	<unused1117>
257020	<unused1118>
257021	<unused1119>
257022	<unused1120>
257023	<unused1121>
257024	<unused1122>
257025	<unused1123>
257026	<unused1124>
257027	<unused1125>
257028	<unused1126>
257029	<unused1127>
257030	<unused1128>
257031	<unused1129>
257032	<unused1130>
257033	<unused1131>
257034	<unused1132>
257035	<unused1133>
257036	<unused1134>
257037	<unused1135>
257038	<unused1136>
257039	<unused1137>
257040	<unused1138>
257041	<unused1139>
257042	<unused1140>
257043	<unused1141>
257044	<unused1142>
257045	<unused1143>
257046	<unused1144>
257047	<unused1145>
257048	<unused1146>
257049	<unused1147>
257050	<unused1148>
257051	<unused1149>
257052	<unused1150>
257053	<unused1151>
257054	<unused1152>
257055	<unused1153>
257056	<unused1154>
257057	<unused1155>
257058	<unused1156>
257059	<unused1157>
257060	<unused1158>
257061	<unused1159>
257062	<unused1160>
257063	<unused1161>
257064	<unused1162>
257065	<unused1163>
257066	<unused1164>
257067	<unused1165>
257068	<unused1166>
257069	<unused1167>
257070	<unused1168>
257071	<unused1169>
257072	<unused1170>
257073	<unused1171>
257074	<unused1172>
257075	<unused1173>
257076	<unused1174>
257077	<unused1175>
257078	<unused1176>
257079	<unused1177>
257080	<unused1178>
257081	<unused1179>
257082	<unused1180>
257083	<unused1181>
257084	<unused1182>
257085	<unused1183>
257086	<unused1184>
257087	<unused1185>
257088	<unused1186>
257089	<unused1187>
257090	<unused1188>
257091	<unused1189>
257092	<unused1190>
257093	<unused1191>
257094	<unused1192>
257095	<unused1193>
257096	<unused1194>
257097	<unused1195>
257098	<unused1196>
257099	<unused1197>
257100	<unused1198>
257101	<unused1199>
257102	<unused1200>
257103	<unused1201>
257104	<unused1202>
257105	<unused1203>
257106	<unused1204>
257107	<unused1205>
257108	<unused1206>
257109	<unused1207>
257110	<unused1208>
257111	<unused1209>
257112	<unused1210>
257113	<unused1211>
257114	<unused1212>
257115	<unused1213>
257116	<unused1214>
257117	<unused1215>
257118	<unused1216>
257119	<unused1217>
257120	<unused1218>
257121	<unused1219>
257122	<unused1220>
257123	<unused1221>
257124	<unused1222>
257125	<unused1223>
257126	<unused1224>
257127	<unused1225>
257128	<unused1226>
257129	<unused1227>
257130	<unused1228>
257131	<unused1229>
257132	<unused1230>
257133	<unused1231>
257134	<unused1232>
257135	<unused1233>
257136	<unused1234>
257137	<unused1235>
257138	<unused1236>
257139	<unused1237>
257140	<unused1238>
257141	<unused1239>
257142	<unused1240>
257143	<unused1241>
257144	<unused1242>
257145	<unused1243>
257146	<unused1244>
257147	<unused1245>
257148	<unused1246>
257149	<unused1247>
257150	<unused1248>
257151	<unused1249>
257152	<unused1250>
257153	<unused1251>
257154	<unused1252>
257155	<unused1253>
257156	<unused1254>
257157	<unused1255>
257158	<unused1256>
257159	<unused1257>
257160	<unused1258>
257161	<unused1259>
257162	<unused1260>
257163	<unused1261>
257164	<unused1262>
257165	<unused1263>
257166	<unused1264>
257167	<unused1265>
257168	<unused1266>
257169	<unused1267>
257170	<unused1268>
257171	<unused1269>
257172	<unused1270>
257173	<unused1271>
257174	<unused1272>
257175	<unused1273>
257176	<unused1274>
257177	<unused1275>
257178	<unused1276>
257179	<unused1277>
257180	<unused1278>
257181	<unused1279>
257182	<unused1280>
257183	<unused1281>
257184	<unused1282>
257185	<unused1283>
257186	<unused1284>
257187	<unused1285>
257188	<unused1286>
257189	<unused1287>
257190	<unused1288>
257191	<unused1289>
257192	<unused1290>
257193	<unused1291>
257194	<unused1292>
257195	<unused1293>
257196	<unused1294>
257197	<unused1295>
257198	<unused1296>
257199	<unused1297>
257200	<unused1298>
257201	<unused1299>
257202	<unused1300>
257203	<unused1301>
257204	<unused1302>
257205	<unused1303>
257206	<unused1304>
257207	<unused1305>
257208	<unused1306>
257209	<unused1307>
257210	<unused1308>
257211	<unused1309>
257212	<unused1310>
257213	<unused1311>
257214	<unused1312>
257215	<unused1313>
257216	<unused1314>
257217	<unused1315>
257218	<unused1316>
257219	<unused1317>
257220	<unused1318>
257221	<unused1319>
257222	<unused1320>
257223	<unused1321>
257224	<unused1322>
257225	<unused1323>
257226	<unused1324>
257227	<unused1325>
257228	<unused1326>
257229	<unused1327>
257230	<unused1328>
257231	<unused1329>
257232	<unused1330>
257233	<unused1331>
257234	<unused1332>
257235	<unused1333>
257236	<unused1334>
257237	<unused1335>
257238	<unused1336>
257239	<unused1337>
257240	<unused1338>
257241	<unused1339>
257242	<unused1340>
257243	<unused1341>
257244	<unused1342>
257245	<unused1343>
257246	<unused1344>
257247	<unused1345>
257248	<unused1346>
257249	<unused1347>
257250	<unused1348>
257251	<unused1349>
257252	<unused1350>
257253	<unused1351>
257254	<unused1352>
257255	<unused1353>
257256	<unused1354>
257257	<unused1355>
257258	<unused1356>
257259	<unused1357>
257260	<unused1358>
257261	<unused1359>
257262	<unused1360>
257263	<unused1361>
257264	<unused1362>
257265	<unused1363>
257266	<unused1364>
257267	<unused1365>
257268	<unused1366>
257269	<unused1367>
257270	<unused1368>
257271	<unused1369>
257272	<unused1370>
257273	<unused1371>
257274	<unused1372>
257275	<unused1373>
257276	<unused1374>
257277	<unused1375>
257278	<unused1376>
257279	<unused1377>
257280	<unused1378>
257281	<unused1379>
257282	<unused1380>
257283	<unused1381>
257284	<unused1382>
257285	<unused1383>
257286	<unused1384>
257287	<unused1385>
257288	<unused1386>
257289	<unused1387>
257290	<unused1388>
257291	<unused1389>
257292	<unused1390>
257293	<unused1391>
257294	<unused1392>
257295	<unused1393>
257296	<unused1394>
257297	<unused1395>
257298	<unused1396>
257299	<unused1397>
257300	<unused1398>
257301	<unused1399>
257302	<unused1400>
257303	<unused1401>
257304	<unused1402>
257305	<unused1403>
257306	<unused1404>
257307	<unused1405>
257308	<unused1406>
257309	<unused1407>
257310	<unused1408>
257311	<unused1409>
257312	<unused1410>
257313	<unused1411>
257314	<unused1412>
257315	<unused1413>
257316	<unused1414>
257317	<unused1415>
257318	<unused1416>
257319	<unused1417>
257320	<unused1418>
257321	<unused1419>
257322	<unused1420>
257323	<unused1421>
257324	<unused1422>
257325	<unused1423>
257326	<unused1424>
257327	<unused1425>
257328	<unused1426>
257329	<unused1427>
257330	<unused1428>
257331	<unused1429>
257332	<unused1430>
257333	<unused1431>
257334	<unused1432>
257335	<unused1433>
257336	<unused1434>
257337	<unused1435>
257338	<unused1436>
257339	<unused1437>
257340	<unused1438>
257341	<unused1439>
257342	<unused1440>
257343	<unused1441>
257344	<unused1442>
257345	<unused1443>
257346	<unused1444>
257347	<unused1445>
257348	<unused1446>
257349	<unused1447>
257350	<unused1448>
257351	<unused1449>
257352	<unused1450>
257353	<unused1451>
257354	<unused1452>
257355	<unused1453>
257356	<unused1454>
257357	<unused1455>
257358	<unused1456>
257359	<unused1457>
257360	<unused1458>
257361	<unused1459>
257362	<unused1460>
257363	<unused1461>
257364	<unused1462>
257365	<unused1463>
257366	<unused1464>
257367	<unused1465>
257368	<unused1466>
257369	<unused1467>
257370	<unused1468>
257371	<unused1469>
257372	<unused1470>
257373	<unused1471>
257374	<unused1472>
257375	<unused1473>
257376	<unused1474>
257377	<unused1475>
257378	<unused1476>
257379	<unused1477>
257380	<unused1478>
257381	<unused1479>
257382	<unused1480>
257383	<unused1481>
257384	<unused1482>
257385	<unused1483>
257386	<unused1484>
257387	<unused1485>
257388	<unused1486>
257389	<unused1487>
257390	<unused1488>
257391	<unused1489>
257392	<unused1490>
257393	<unused1491>
257394	<unused1492>
257395	<unused1493>
257396	<unused1494>
257397	<unused1495>
257398	<unused1496>
257399	<unused1497>
257400	<unused1498>
257401	<unused1499>
257402	<unused1500>
257403	<unused1501>
257404	<unused1502>
257405	<unused1503>
257406	<unused1504>
257407	<unused1505>
257408	<unused1506>
257409	<unused1507>
257410	<unused1508>
257411	<unused1509>
257412	<unused1510>
257413	<unused1511>
257414	<unused1512>
257415	<unused1513>
257416	<unused1514>
257417	<unused1515>
257418	<unused1516>
257419	<unused1517>
257420	<unused1518>
257421	<unused1519>
257422	<unused1520>
257423	<unused1521>
257424	<unused1522>
257425	<unused1523>
257426	<unused1524>
257427	<unused1525>
257428	<unused1526>
257429	<unused1527>
257430	<unused1528>
257431	<unused1529>
257432	<unused1530>
257433	<unused1531>
257434	<unused1532>
257435	<unused1533>
257436	<unused1534>
257437	<unused1535>
257438	<unused1536>
257439	<unused1537>
257440	<unused1538>
257441	<unused1539>
257442	<unused1540>
257443	<unused1541>
257444	<unused1542>
257445	<unused1543>
257446	<unused1544>
257447	<unused1545>
257448	<unused1546>
257449	<unused1547>
257450	<unused1548>
257451	<unused1549>
257452	<unused1550>
257453	<unused1551>
257454	<unused1552>
257455	<unused1553>
257456	<unused1554>
257457	<unused1555>
257458	<unused1556>
257459	<unused1557>
257460	<unused1558>
257461	<unused1559>
257462	<unused1560>
257463	<unused1561>
257464	<unused1562>
257465	<unused1563>
257466	<unused1564>
257467	<unused1565>
257468	<unused1566>
257469	<unused1567>
257470	<unused1568>
257471	<unused1569>
257472	<unused1570>
257473	<unused1571>
257474	<unused1572>
257475	<unused1573>
257476	<unused1574>
257477	<unused1575>
257478	<unused1576>
257479	<unused1577>
257480	<unused1578>
257481	<unused1579>
257482	<unused1580>
257483	<unused1581>
257484	<unused1582>
257485	<unused1583>
257486	<unused1584>
257487	<unused1585>
257488	<unused1586>
257489	<unused1587>
257490	<unused1588>
257491	<unused1589>
257492	<unused1590>
257493	<unused1591>
257494	<unused1592>
257495	<unused1593>
257496	<unused1594>
257497	<unused1595>
257498	<unused1596>
257499	<unused1597>
257500	<unused1598>
257501	<unused1599>
257502	<unused1600>
257503	<unused1601>
257504	<unused1602>
257505	<unused1603>
257506	<unused1604>
257507	<unused1605>
257508	<unused1606>
257509	<unused1607>
257510	<unused1608>
257511	<unused1609>
257512	<unused1610>
257513	<unused1611>
257514	<unused1612>
257515	<unused1613>
257516	<unused1614>
257517	<unused1615>
257518	<unused1616>
257519	<unused1617>
257520	<unused1618>
257521	<unused1619>
257522	<unused1620>
257523	<unused1621>
257524	<unused1622>
257525	<unused1623>
257526	<unused1624>
257527	<unused1625>
257528	<unused1626>
257529	<unused1627>
257530	<unused1628>
257531	<unused1629>
257532	<unused1630>
257533	<unused1631>
257534	<unused1632>
257535	<unused1633>
257536	<unused1634>
257537	<unused1635>
257538	<unused1636>
257539	<unused1637>
257540	<unused1638>
257541	<unused1639>
257542	<unused1640>
257543	<unused1641>
257544	<unused1642>
257545	<unused1643>
257546	<unused1644>
257547	<unused1645>
257548	<unused1646>
257549	<unused1647>
257550	<unused1648>
257551	<unused1649>
257552	<unused1650>
257553	<unused1651>
257554	<unused1652>
257555	<unused1653>
257556	<unused1654>
257557	<unused1655>
257558	<unused1656>
257559	<unused1657>
257560	<unused1658>
257561	<unused1659>
257562	<unused1660>
257563	<unused1661>
257564	<unused1662>
257565	<unused1663>
257566	<unused1664>
257567	<unused1665>
257568	<unused1666>
257569	<unused1667>
257570	<unused1668>
257571	<unused1669>
257572	<unused1670>
257573	<unused1671>
257574	<unused1672>
257575	<unused1673>
257576	<unused1674>
257577	<unused1675>
257578	<unused1676>
257579	<unused1677>
257580	<unused1678>
257581	<unused1679>
257582	<unused1680>
257583	<unused1681>
257584	<unused1682>
257585	<unused1683>
257586	<unused1684>
257587	<unused1685>
257588	<unused1686>
257589	<unused1687>
257590	<unused1688>
257591	<unused1689>
257592	<unused1690>
257593	<unused1691>
257594	<unused1692>
257595	<unused1693>
257596	<unused1694>
257597	<unused1695>
257598	<unused1696>
257599	<unused1697>
257600	<unused1698>
257601	<unused1699>
257602	<unused1700>
257603	<unused1701>
257604	<unused1702>
257605	<unused1703>
257606	<unused1704>
257607	<unused1705>
257608	<unused1706>
257609	<unused1707>
257610	<unused1708>
257611	<unused1709>
257612	<unused1710>
257613	<unused1711>
257614	<unused1712>
257615	<unused1713>
257616	<unused1714>
257617	<unused1715>
257618	<unused1716>
257619	<unused1717>
257620	<unused1718>
257621	<unused1719>
257622	<unused1720>
257623	<unused1721>
257624	<unused1722>
257625	<unused1723>
257626	<unused1724>
257627	<unused1725>
257628	<unused1726>
257629	<unused1727>
257630	<unused1728>
257631	<unused1729>
257632	<unused1730>
257633	<unused1731>
257634	<unused1732>
257635	<unused1733>
257636	<unused1734>
257637	<unused1735>
257638	<unused1736>
257639	<unused1737>
257640	<unused1738>
257641	<unused1739>
257642	<unused1740>
257643	<unused1741>
257644	<unused1742>
257645	<unused1743>
257646	<unused1744>
257647	<unused1745>
257648	<unused1746>
257649	<unused1747>
257650	<unused1748>
257651	<unused1749>
257652	<unused1750>
257653	<unused1751>
257654	<unused1752>
257655	<unused1753>
257656	<unused1754>
257657	<unused1755>
257658	<unused1756>
257659	<unused1757>
257660	<unused1758>
257661	<unused1759>
257662	<unused1760>
257663	<unused1761>
257664	<unused1762>
257665	<unused1763>
257666	<unused1764>
257667	<unused1765>
257668	<unused1766>
257669	<unused1767>
257670	<unused1768>
257671	<unused1769>
257672	<unused1770>
257673	<unused1771>
257674	<unused1772>
257675	<unused1773>
257676	<unused1774>
257677	<unused1775>
257678	<unused1776>
257679	<unused1777>
257680	<unused1778>
257681	<unused1779>
257682	<unused1780>
257683	<unused1781>
257684	<unused1782>
257685	<unused1783>
257686	<unused1784>
257687	<unused1785>
257688	<unused1786>
257689	<unused1787>
257690	<unused1788>
257691	<unused1789>
257692	<unused1790>
257693	<unused1791>
257694	<unused1792>
257695	<unused1793>
257696	<unused1794>
257697	<unused1795>
257698	<unused1796>
257699	<unused1797>
257700	<unused1798>
257701	<unused1799>
257702	<unused1800>
257703	<unused1801>
257704	<unused1802>
257705	<unused1803>
257706	<unused1804>
257707	<unused1805>
257708	<unused1806>
257709	<unused1807>
257710	<unused1808>
257711	<unused1809>
257712	<unused1810>
257713	<unused1811>
257714	<unused1812>
257715	<unused1813>
257716	<unused1814>
257717	<unused1815>
257718	<unused1816>
257719	<unused1817>
257720	<unused1818>
257721	<unused1819>
257722	<unused1820>
257723	<unused1821>
257724	<unused1822>
257725	<unused1823>
257726	<unused1824>
257727	<unused1825>
257728	<unused1826>
257729	<unused1827>
257730	<unused1828>
257731	<unused1829>
257732	<unused1830>
257733	<unused1831>
257734	<unused1832>
257735	<unused1833>
257736	<unused1834>
257737	<unused1835>
257738	<unused1836>
257739	<unused1837>
257740	<unused1838>
257741	<unused1839>
257742	<unused1840>
257743	<unused1841>
257744	<unused1842>
257745	<unused1843>
257746	<unused1844>
257747	<unused1845>
257748	<unused1846>
257749	<unused1847>
257750	<unused1848>
257751	<unused1849>
257752	<unused1850>
257753	<unused1851>
257754	<unused1852>
257755	<unused1853>
257756	<unused1854>
257757	<unused1855>
257758	<unused1856>
257759	<unused1857>
257760	<unused1858>
257761	<unused1859>
257762	<unused1860>
257763	<unused1861>
257764	<unused1862>
257765	<unused1863>
257766	<unused1864>
257767	<unused1865>
257768	<unused1866>
257769	<unused1867>
257770	<unused1868>
257771	<unused1869>
257772	<unused1870>
257773	<unused1871>
257774	<unused1872>
257775	<unused1873>
257776	<unused1874>
257777	<unused1875>
257778	<unused1876>
257779	<unused1877>
257780	<unused1878>
257781	<unused1879>
257782	<unused1880>
257783	<unused1881>
257784	<unused1882>
257785	<unused1883>
257786	<unused1884>
257787	<unused1885>
257788	<unused1886>
257789	<unused1887>
257790	<unused1888>
257791	<unused1889>
257792	<unused1890>
257793	<unused1891>
257794	<unused1892>
257795	<unused1893>
257796	<unused1894>
257797	<unused1895>
257798	<unused1896>
257799	<unused1897>
257800	<unused1898>
257801	<unused1899>
257802	<unused1900>
257803	<unused1901>
257804	<unused1902>
257805	<unused1903>
257806	<unused1904>
257807	<unused1905>
257808	<unused1906>
257809	<unused1907>
257810	<unused1908>
257811	<unused1909>
257812	<unused1910>
257813	<unused1911>
257814	<unused1912>
257815	<unused1913>
257816	<unused1914>
257817	<unused1915>
257818	<unused1916>
257819	<unused1917>
257820	<unused1918>
257821	<unused1919>
257822	<unused1920>
257823	<unused1921>
257824	<unused1922>
257825	<unused1923>
257826	<unused1924>
257827	<unused1925>
257828	<unused1926>
257829	<unused1927>
257830	<unused1928>
257831	<unused1929>
257832	<unused1930>
257833	<unused1931>
257834	<unused1932>
257835	<unused1933>
257836	<unused1934>
257837	<unused1935>
257838	<unused1936>
257839	<unused1937>
257840	<unused1938>
257841	<unused1939>
257842	<unused1940>
257843	<unused1941>
257844	<unused1942>
257845	<unused1943>
257846	<unused1944>
257847	<unused1945>
257848	<unused1946>
257849	<unused1947>
257850	<unused1948>
257851	<unused1949>
257852	<unused1950>
257853	<unused1951>
257854	<unused1952>
257855	<unused1953>
257856	<unused1954>
257857	<unused1955>
257858	<unused1956>
257859	<unused1957>
257860	<unused1958>
257861	<unused1959>
257862	<unused1960>
257863	<unused1961>
257864	<unused1962>
257865	<unused1963>
257866	<unused1964>
257867	<unused1965>
257868	<unused1966>
257869	<unused1967>
257870	<unused1968>
257871	<unused1969>
257872	<unused1970>
257873	<unused1971>
257874	<unused1972>
257875	<unused1973>
257876	<unused1974>
257877	<unused1975>
257878	<unused1976>
257879	<unused1977>
257880	<unused1978>
257881	<unused1979>
257882	<unused1980>
257883	<unused1981>
257884	<unused1982>
257885	<unused1983>
257886	<unused1984>
257887	<unused1985>
257888	<unused1986>
257889	<unused1987>
257890	<unused1988>
257891	<unused1989>
257892	<unused1990>
257893	<unused1991>
257894	<unused1992>
257895	<unused1993>
257896	<unused1994>
257897	<unused1995>
257898	<unused1996>
257899	<unused1997>
257900	<unused1998>
257901	<unused1999>
257902	<unused2000>
257903	<unused2001>
257904	<unused2002>
257905	<unused2003>
257906	<unused2004>
257907	<unused2005>
257908	<unused2006>
257909	<unused2007>
257910	<unused2008>
257911	<unused2009>
257912	<unused2010>
257913	<unused2011>
257914	<unused2012>
257915	<unused2013>
257916	<unused2014>
257917	<unused2015>
257918	<unused2016>
257919	<unused2017>
257920	<unused2018>
257921	<unused2019>
257922	<unused2020>
257923	<unused2021>
257924	<unused2022>
257925	<unused2023>
257926	<unused2024>
257927	<unused2025>
257928	<unused2026>
257929	<unused2027>
257930	<unused2028>
257931	<unused2029>
257932	<unused2030>
257933	<unused2031>
257934	<unused2032>
257935	<unused2033>
257936	<unused2034>
257937	<unused2035>
257938	<unused2036>
257939	<unused2037>
257940	<unused2038>
257941	<unused2039>
257942	<unused2040>
257943	<unused2041>
257944	<unused2042>
257945	<unused2043>
257946	<unused2044>
257947	<unused2045>
257948	<unused2046>
257949	<unused2047>
257950	<unused2048>
257951	<unused2049>
257952	<unused2050>
257953	<unused2051>
257954	<unused2052>
257955	<unused2053>
257956	<unused2054>
257957	<unused2055>
257958	<unused2056>
257959	<unused2057>
257960	<unused2058>
257961	<unused2059>
257962	<unused2060>
257963	<unused2061>
257964	<unused2062>
257965	<unused2063>
257966	<unused2064>
257967	<unused2065>
257968	<unused2066>
257969	<unused2067>
257970	<unused2068>
257971	<unused2069>
257972	<unused2070>
257973	<unused2071>
257974	<unused2072>
257975	<unused2073>
257976	<unused2074>
257977	<unused2075>
257978	<unused2076>
257979	<unused2077>
257980	<unused2078>
257981	<unused2079>
257982	<unused2080>
257983	<unused2081>
257984	<unused2082>
257985	<unused2083>
257986	<unused2084>
257987	<unused2085>
257988	<unused2086>
257989	<unused2087>
257990	<unused2088>
257991	<unused2089>
257992	<unused2090>
257993	<unused2091>
257994	<unused2092>
257995	<unused2093>
257996	<unused2094>
257997	<unused2095>
257998	<unused2096>
257999	<unused2097>
258000	<unused2098>
258001	<unused2099>
258002	<unused2100>
258003	<unused2101>
258004	<unused2102>
258005	<unused2103>
258006	<unused2104>
258007	<unused2105>
258008	<unused2106>
258009	<unused2107>
258010	<unused2108>
258011	<unused2109>
258012	<unused2110>
258013	<unused2111>
258014	<unused2112>
258015	<unused2113>
258016	<unused2114>
258017	<unused2115>
258018	<unused2116>
258019	<unused2117>
258020	<unused2118>
258021	<unused2119>
258022	<unused2120>
258023	<unused2121>
258024	<unused2122>
258025	<unused2123>
258026	<unused2124>
258027	<unused2125>
258028	<unused2126>
258029	<unused2127>
258030	<unused2128>
258031	<unused2129>
258032	<unused2130>
258033	<unused2131>
258034	<unused2132>
258035	<unused2133>
258036	<unused2134>
258037	<unused2135>
258038	<unused2136>
258039	<unused2137>
258040	<unused2138>
258041	<unused2139>
258042	<unused2140>
258043	<unused2141>
258044	<unused2142>
258045	<unused2143>
258046	<unused2144>
258047	<unused2145>
258048	<unused2146>
258049	<unused2147>
258050	<unused2148>
258051	<unused2149>
258052	<unused2150>
258053	<unused2151>
258054	<unused2152>
258055	<unused2153>
258056	<unused2154>
258057	<unused2155>
258058	<unused2156>
258059	<unused2157>
258060	<unused2158>
258061	<unused2159>
258062	<unused2160>
258063	<unused2161>
258064	<unused2162>
258065	<unused2163>
258066	<unused2164>
258067	<unused2165>
258068	<unused2166>
258069	<unused2167>
258070	<unused2168>
258071	<unused2169>
258072	<unused2170>
258073	<unused2171>
258074	<unused2172>
258075	<unused2173>
258076	<unused2174>
258077	<unused2175>
258078	<unused2176>
258079	<unused2177>
258080	<unused2178>
258081	<unused2179>
258082	<unused2180>
258083	<unused2181>
258084	<unused2182>
258085	<unused2183>
258086	<unused2184>
258087	<unused2185>
258088	<unused2186>
258089	<unused2187>
258090	<unused2188>
258091	<unused2189>
258092	<unused2190>
258093	<unused2191>
258094	<unused2192>
258095	<unused2193>
258096	<unused2194>
258097	<unused2195>
258098	<unused2196>
258099	<unused2197>
258100	<unused2198>
258101	<unused2199>
258102	<unused2200>
258103	<unused2201>
258104	<unused2202>
258105	<unused2203>
258106	<unused2204>
258107	<unused2205>
258108	<unused2206>
258109	<unused2207>
258110	<unused2208>
258111	<unused2209>
258112	<unused2210>
258113	<unused2211>
258114	<unused2212>
258115	<unused2213>
258116	<unused2214>
258117	<unused2215>
258118	<unused2216>
258119	<unused2217>
258120	<unused2218>
258121	<unused2219>
258122	<unused2220>
258123	<unused2221>
258124	<unused2222>
258125	<unused2223>
258126	<unused2224>
258127	<unused2225>
258128	<unused2226>
258129	<unused2227>
258130	<unused2228>
258131	<unused2229>
258132	<unused2230>
258133	<unused2231>
258134	<unused2232>
258135	<unused2233>
258136	<unused2234>
258137	<unused2235>
258138	<unused2236>
258139	<unused2237>
258140	<unused2238>
258141	<unused2239>
258142	<unused2240>
258143	<unused2241>
258144	<unused2242>
258145	<unused2243>
258146	<unused2244>
258147	<unused2245>
258148	<unused2246>
258149	<unused2247>
258150	<unused2248>
258151	<unused2249>
258152	<unused2250>
258153	<unused2251>
258154	<unused2252>
258155	<unused2253>
258156	<unused2254>
258157	<unused2255>
258158	<unused2256>
258159	<unused2257>
258160	<unused2258>
258161	<unused2259>
258162	<unused2260>
258163	<unused2261>
258164	<unused2262>
258165	<unused2263>
258166	<unused2264>
258167	<unused2265>
258168	<unused2266>
258169	<unused2267>
258170	<unused2268>
258171	<unused2269>
258172	<unused2270>
258173	<unused2271>
258174	<unused2272>
258175	<unused2273>
258176	<unused2274>
258177	<unused2275>
258178	<unused2276>
258179	<unused2277>
258180	<unused2278>
258181	<unused2279>
258182	<unused2280>
258183	<unused2281>
258184	<unused2282>
258185	<unused2283>
258186	<unused2284>
258187	<unused2285>
258188	<unused2286>
258189	<unused2287>
258190	<unused2288>
258191	<unused2289>
258192	<unused2290>
258193	<unused2291>
258194	<unused2292>
258195	<unused2293>
258196	<unused2294>
258197	<unused2295>
258198	<unused2296>
258199	<unused2297>
258200	<unused2298>
258201	<unused2299>
258202	<unused2300>
258203	<unused2301>
258204	<unused2302>
258205	<unused2303>
258206	<unused2304>
258207	<unused2305>
258208	<unused2306>
258209	<unused2307>
258210	<unused2308>
258211	<unused2309>
258212	<unused2310>
258213	<unused2311>
258214	<unused2312>
258215	<unused2313>
258216	<unused2314>
258217	<unused2315>
258218	<unused2316>
258219	<unused2317>
258220	<unused2318>
258221	<unused2319>
258222	<unused2320>
258223	<unused2321>
258224	<unused2322>
258225	<unused2323>
258226	<unused2324>
258227	<unused2325>
258228	<unused2326>
258229	<unused2327>
258230	<unused2328>
258231	<unused2329>
258232	<unused2330>
258233	<unused2331>
258234	<unused2332>
258235	<unused2333>
258236	<unused2334>
258237	<unused2335>
258238	<unused2336>
258239	<unused2337>
258240	<unused2338>
258241	<unused2339>
258242	<unused2340>
258243	<unused2341>
258244	<unused2342>
258245	<unused2343>
258246	<unused2344>
258247	<unused2345>
258248	<unused2346>
258249	<unused2347>
258250	<unused2348>
258251	<unused2349>
258252	<unused2350>
258253	<unused2351>
258254	<unused2352>
258255	<unused2353>
258256	<unused2354>
258257	<unused2355>
258258	<unused2356>
258259	<unused2357>
258260	<unused2358>
258261	<unused2359>
258262	<unused2360>
258263	<unused2361>
258264	<unused2362>
258265	<unused2363>
258266	<unused2364>
258267	<unused2365>
258268	<unused2366>
258269	<unused2367>
258270	<unused2368>
258271	<unused2369>
258272	<unused2370>
258273	<unused2371>
258274	<unused2372>
258275	<unused2373>
258276	<unused2374>
258277	<unused2375>
258278	<unused2376>
258279	<unused2377>
258280	<unused2378>
258281	<unused2379>
258282	<unused2380>
258283	<unused2381>
258284	<unused2382>
258285	<unused2383>
258286	<unused2384>
258287	<unused2385>
258288	<unused2386>
258289	<unused2387>
258290	<unused2388>
258291	<unused2389>
258292	<unused2390>
258293	<unused2391>
258294	<unused2392>
258295	<unused2393>
258296	<unused2394>
258297	<unused2395>
258298	<unused2396>
258299	<unused2397>
258300	<unused2398>
258301	<unused2399>
258302	<unused2400>
258303	<unused2401>
258304	<unused2402>
258305	<unused2403>
258306	<unused2404>
258307	<unused2405>
258308	<unused2406>
258309	<unused2407>
258310	<unused2408>
258311	<unused2409>
258312	<unused2410>
258313	<unused2411>
258314	<unused2412>
258315	<unused2413>
258316	<unused2414>
258317	<unused2415>
258318	<unused2416>
258319	<unused2417>
258320	<unused2418>
258321	<unused2419>
258322	<unused2420>
258323	<unused2421>
258324	<unused2422>
258325	<unused2423>
258326	<unused2424>
258327	<unused2425>
258328	<unused2426>
258329	<unused2427>
258330	<unused2428>
258331	<unused2429>
258332	<unused2430>
258333	<unused2431>
258334	<unused2432>
258335	<unused2433>
258336	<unused2434>
258337	<unused2435>
258338	<unused2436>
258339	<unused2437>
258340	<unused2438>
258341	<unused2439>
258342	<unused2440>
258343	<unused2441>
258344	<unused2442>
258345	<unused2443>
258346	<unused2444>
258347	<unused2445>
258348	<unused2446>
258349	<unused2447>
258350	<unused2448>
258351	<unused2449>
258352	<unused2450>
258353	<unused2451>
258354	<unused2452>
258355	<unused2453>
258356	<unused2454>
258357	<unused2455>
258358	<unused2456>
258359	<unused2457>
258360	<unused2458>
258361	<unused2459>
258362	<unused2460>
258363	<unused2461>
258364	<unused2462>
258365	<unused2463>
258366	<unused2464>
258367	<unused2465>
258368	<unused2466>
258369	<unused2467>
258370	<unused2468>
258371	<unused2469>
258372	<unused2470>
258373	<unused2471>
258374	<unused2472>
258375	<unused2473>
258376	<unused2474>
258377	<unused2475>
258378	<unused2476>
258379	<unused2477>
258380	<unused2478>
258381	<unused2479>
258382	<unused2480>
258383	<unused2481>
258384	<unused2482>
258385	<unused2483>
258386	<unused2484>
258387	<unused2485>
258388	<unused2486>
258389	<unused2487>
258390	<unused2488>
258391	<unused2489>
258392	<unused2490>
258393	<unused2491>
258394	<unused2492>
258395	<unused2493>
258396	<unused2494>
258397	<unused2495>
258398	<unused2496>
258399	<unused2497>
258400	<unused2498>
258401	<unused2499>
258402	<unused2500>
258403	<unused2501>
258404	<unused2502>
258405	<unused2503>
258406	<unused2504>
258407	<unused2505>
258408	<unused2506>
258409	<unused2507>
258410	<unused2508>
258411	<unused2509>
258412	<unused2510>
258413	<unused2511>
258414	<unused2512>
258415	<unused2513>
258416	<unused2514>
258417	<unused2515>
258418	<unused2516>
258419	<unused2517>
258420	<unused2518>
258421	<unused2519>
258422	<unused2520>
258423	<unused2521>
258424	<unused2522>
258425	<unused2523>
258426	<unused2524>
258427	<unused2525>
258428	<unused2526>
258429	<unused2527>
258430	<unused2528>
258431	<unused2529>
258432	<unused2530>
258433	<unused2531>
258434	<unused2532>
258435	<unused2533>
258436	<unused2534>
258437	<unused2535>
258438	<unused2536>
258439	<unused2537>
258440	<unused2538>
258441	<unused2539>
258442	<unused2540>
258443	<unused2541>
258444	<unused2542>
258445	<unused2543>
258446	<unused2544>
258447	<unused2545>
258448	<unused2546>
258449	<unused2547>
258450	<unused2548>
258451	<unused2549>
258452	<unused2550>
258453	<unused2551>
258454	<unused2552>
258455	<unused2553>
258456	<unused2554>
258457	<unused2555>
258458	<unused2556>
258459	<unused2557>
258460	<unused2558>
258461	<unused2559>
258462	<unused2560>
258463	<unused2561>
258464	<unused2562>
258465	<unused2563>
258466	<unused2564>
258467	<unused2565>
258468	<unused2566>
258469	<unused2567>
258470	<unused2568>
258471	<unused2569>
258472	<unused2570>
258473	<unused2571>
258474	<unused2572>
258475	<unused2573>
258476	<unused2574>
258477	<unused2575>
258478	<unused2576>
258479	<unused2577>
258480	<unused2578>
258481	<unused2579>
258482	<unused2580>
258483	<unused2581>
258484	<unused2582>
258485	<unused2583>
258486	<unused2584>
258487	<unused2585>
258488	<unused2586>
258489	<unused2587>
258490	<unused2588>
258491	<unused2589>
258492	<unused2590>
258493	<unused2591>
258494	<unused2592>
258495	<unused2593>
258496	<unused2594>
258497	<unused2595>
258498	<unused2596>
258499	<unused2597>
258500	<unused2598>
258501	<unused2599>
258502	<unused2600>
258503	<unused2601>
258504	<unused2602>
258505	<unused2603>
258506	<unused2604>
258507	<unused2605>
258508	<unused2606>
258509	<unused2607>
258510	<unused2608>
258511	<unused2609>
258512	<unused2610>
258513	<unused2611>
258514	<unused2612>
258515	<unused2613>
258516	<unused2614>
258517	<unused2615>
258518	<unused2616>
258519	<unused2617>
258520	<unused2618>
258521	<unused2619>
258522	<unused2620>
258523	<unused2621>
258524	<unused2622>
258525	<unused2623>
258526	<unused2624>
258527	<unused2625>
258528	<unused2626>
258529	<unused2627>
258530	<unused2628>
258531	<unused2629>
258532	<unused2630>
258533	<unused2631>
258534	<unused2632>
258535	<unused2633>
258536	<unused2634>
258537	<unused2635>
258538	<unused2636>
258539	<unused2637>
258540	<unused2638>
258541	<unused2639>
258542	<unused2640>
258543	<unused2641>
258544	<unused2642>
258545	<unused2643>
258546	<unused2644>
258547	<unused2645>
258548	<unused2646>
258549	<unused2647>
258550	<unused2648>
258551	<unused2649>
258552	<unused2650>
258553	<unused2651>
258554	<unused2652>
258555	<unused2653>
258556	<unused2654>
258557	<unused2655>
258558	<unused2656>
258559	<unused2657>
258560	<unused2658>
258561	<unused2659>
258562	<unused2660>
258563	<unused2661>
258564	<unused2662>
258565	<unused2663>
258566	<unused2664>
258567	<unused2665>
258568	<unused2666>
258569	<unused2667>
258570	<unused2668>
258571	<unused2669>
258572	<unused2670>
258573	<unused2671>
258574	<unused2672>
258575	<unused2673>
258576	<unused2674>
258577	<unused2675>
258578	<unused2676>
258579	<unused2677>
258580	<unused2678>
258581	<unused2679>
258582	<unused2680>
258583	<unused2681>
258584	<unused2682>
258585	<unused2683>
258586	<unused2684>
258587	<unused2685>
258588	<unused2686>
258589	<unused2687>
258590	<unused2688>
258591	<unused2689>
258592	<unused2690>
258593	<unused2691>
258594	<unused2692>
258595	<unused2693>
258596	<unused2694>
258597	<unused2695>
258598	<unused2696>
258599	<unused2697>
258600	<unused2698>
258601	<unused2699>
258602	<unused2700>
258603	<unused2701>
258604	<unused2702>
258605	<unused2703>
258606	<unused2704>
258607	<unused2705>
258608	<unused2706>
258609	<unused2707>
258610	<unused2708>
258611	<unused2709>
258612	<unused2710>
258613	<unused2711>
258614	<unused2712>
258615	<unused2713>
258616	<unused2714>
258617	<unused2715>
258618	<unused2716>
258619	<unused2717>
258620	<unused2718>
258621	<unused2719>
258622	<unused2720>
258623	<unused2721>
258624	<unused2722>
258625	<unused2723>
258626	<unused2724>
258627	<unused2725>
258628	<unused2726>
258629	<unused2727>
258630	<unused2728>
258631	<unused2729>
258632	<unused2730>
258633	<unused2731>
258634	<unused2732>
258635	<unused2733>
258636	<unused2734>
258637	<unused2735>
258638	<unused2736>
258639	<unused2737>
258640	<unused2738>
258641	<unused2739>
258642	<unused2740>
258643	<unused2741>
258644	<unused2742>
258645	<unused2743>
258646	<unused2744>
258647	<unused2745>
258648	<unused2746>
258649	<unused2747>
258650	<unused2748>
258651	<unused2749>
258652	<unused2750>
258653	<unused2751>
258654	<unused2752>
258655	<unused2753>
258656	<unused2754>
258657	<unused2755>
258658	<unused2756>
258659	<unused2757>
258660	<unused2758>
258661	<unused2759>
258662	<unused2760>
258663	<unused2761>
258664	<unused2762>
258665	<unused2763>
258666	<unused2764>
258667	<unused2765>
258668	<unused2766>
258669	<unused2767>
258670	<unused2768>
258671	<unused2769>
258672	<unused2770>
258673	<unused2771>
258674	<unused2772>
258675	<unused2773>
258676	<unused2774>
258677	<unused2775>
258678	<unused2776>
258679	<unused2777>
258680	<unused2778>
258681	<unused2779>
258682	<unused2780>
258683	<unused2781>
258684	<unused2782>
258685	<unused2783>
258686	<unused2784>
258687	<unused2785>
258688	<unused2786>
258689	<unused2787>
258690	<unused2788>
258691	<unused2789>
258692	<unused2790>
258693	<unused2791>
258694	<unused2792>
258695	<unused2793>
258696	<unused2794>
258697	<unused2795>
258698	<unused2796>
258699	<unused2797>
258700	<unused2798>
258701	<unused2799>
258702	<unused2800>
258703	<unused2801>
258704	<unused2802>
258705	<unused2803>
258706	<unused2804>
258707	<unused2805>
258708	<unused2806>
258709	<unused2807>
258710	<unused2808>
258711	<unused2809>
258712	<unused2810>
258713	<unused2811>
258714	<unused2812>
258715	<unused2813>
258716	<unused2814>
258717	<unused2815>
258718	<unused2816>
258719	<unused2817>
258720	<unused2818>
258721	<unused2819>
258722	<unused2820>
258723	<unused2821>
258724	<unused2822>
258725	<unused2823>
258726	<unused2824>
258727	<unused2825>
258728	<unused2826>
258729	<unused2827>
258730	<unused2828>
258731	<unused2829>
258732	<unused2830>
258733	<unused2831>
258734	<unused2832>
258735	<unused2833>
258736	<unused2834>
258737	<unused2835>
258738	<unused2836>
258739	<unused2837>
258740	<unused2838>
258741	<unused2839>
258742	<unused2840>
258743	<unused2841>
258744	<unused2842>
258745	<unused2843>
258746	<unused2844>
258747	<unused2845>
258748	<unused2846>
258749	<unused2847>
258750	<unused2848>
258751	<unused2849>
258752	<unused2850>
258753	<unused2851>
258754	<unused2852>
258755	<unused2853>
258756	<unused2854>
258757	<unused2855>
258758	<unused2856>
258759	<unused2857>
258760	<unused2858>
258761	<unused2859>
258762	<unused2860>
258763	<unused2861>
258764	<unused2862>
258765	<unused2863>
258766	<unused2864>
258767	<unused2865>
258768	<unused2866>
258769	<unused2867>
258770	<unused2868>
258771	<unused2869>
258772	<unused2870>
258773	<unused2871>
258774	<unused2872>
258775	<unused2873>
258776	<unused2874>
258777	<unused2875>
258778	<unused2876>
258779	<unused2877>
258780	<unused2878>
258781	<unused2879>
258782	<unused2880>
258783	<unused2881>
258784	<unused2882>
258785	<unused2883>
258786	<unused2884>
258787	<unused2885>
258788	<unused2886>
258789	<unused2887>
258790	<unused2888>
258791	<unused2889>
258792	<unused2890>
258793	<unused2891>
258794	<unused2892>
258795	<unused2893>
258796	<unused2894>
258797	<unused2895>
258798	<unused2896>
258799	<unused2897>
258800	<unused2898>
258801	<unused2899>
258802	<unused2900>
258803	<unused2901>
258804	<unused2902>
258805	<unused2903>
258806	<unused2904>
258807	<unused2905>
258808	<unused2906>
258809	<unused2907>
258810	<unused2908>
258811	<unused2909>
258812	<unused2910>
258813	<unused2911>
258814	<unused2912>
258815	<unused2913>
258816	<unused2914>
258817	<unused2915>
258818	<unused2916>
258819	<unused2917>
258820	<unused2918>
258821	<unused2919>
258822	<unused2920>
258823	<unused2921>
258824	<unused2922>
258825	<unused2923>
258826	<unused2924>
258827	<unused2925>
258828	<unused2926>
258829	<unused2927>
258830	<unused2928>
258831	<unused2929>
258832	<unused2930>
258833	<unused2931>
258834	<unused2932>
258835	<unused2933>
258836	<unused2934>
258837	<unused2935>
258838	<unused2936>
258839	<unused2937>
258840	<unused2938>
258841	<unused2939>
258842	<unused2940>
258843	<unused2941>
258844	<unused2942>
258845	<unused2943>
258846	<unused2944>
258847	<unused2945>
258848	<unused2946>
258849	<unused2947>
258850	<unused2948>
258851	<unused2949>
258852	<unused2950>
258853	<unused2951>
258854	<unused2952>
258855	<unused2953>
258856	<unused2954>
258857	<unused2955>
258858	<unused2956>
258859	<unused2957>
258860	<unused2958>
258861	<unused2959>
258862	<unused2960>
258863	<unused2961>
258864	<unused2962>
258865	<unused2963>
258866	<unused2964>
258867	<unused2965>
258868	<unused2966>
258869	<unused2967>
258870	<unused2968>
258871	<unused2969>
258872	<unused2970>
258873	<unused2971>
258874	<unused2972>
258875	<unused2973>
258876	<unused2974>
258877	<unused2975>
258878	<unused2976>
258879	<unused2977>
258880	<unused2978>
258881	<unused2979>
258882	<unused2980>
258883	<unused2981>
258884	<unused2982>
258885	<unused2983>
258886	<unused2984>
258887	<unused2985>
258888	<unused2986>
258889	<unused2987>
258890	<unused2988>
258891	<unused2989>
258892	<unused2990>
258893	<unused2991>
258894	<unused2992>
258895	<unused2993>
258896	<unused2994>
258897	<unused2995>
258898	<unused2996>
258899	<unused2997>
258900	<unused2998>
258901	<unused2999>
258902	<unused3000>
258903	<unused3001>
258904	<unused3002>
258905	<unused3003>
258906	<unused3004>
258907	<unused3005>
258908	<unused3006>
258909	<unused3007>
258910	<unused3008>
258911	<unused3009>
258912	<unused3010>
258913	<unused3011>
258914	<unused3012>
258915	<unused3013>
258916	<unused3014>
258917	<unused3015>
258918	<unused3016>
258919	<unused3017>
258920	<unused3018>
258921	<unused3019>
258922	<unused3020>
258923	<unused3021>
258924	<unused3022>
258925	<unused3023>
258926	<unused3024>
258927	<unused3025>
258928	<unused3026>
258929	<unused3027>
258930	<unused3028>
258931	<unused3029>
258932	<unused3030>
258933	<unused3031>
258934	<unused3032>
258935	<unused3033>
258936	<unused3034>
258937	<unused3035>
258938	<unused3036>
258939	<unused3037>
258940	<unused3038>
258941	<unused3039>
258942	<unused3040>
258943	<unused3041>
258944	<unused3042>
258945	<unused3043>
258946	<unused3044>
258947	<unused3045>
258948	<unused3046>
258949	<unused3047>
258950	<unused3048>
258951	<unused3049>
258952	<unused3050>
258953	<unused3051>
258954	<unused3052>
258955	<unused3053>
258956	<unused3054>
258957	<unused3055>
258958	<unused3056>
258959	<unused3057>
258960	<unused3058>
258961	<unused3059>
258962	<unused3060>
258963	<unused3061>
258964	<unused3062>
258965	<unused3063>
258966	<unused3064>
258967	<unused3065>
258968	<unused3066>
258969	<unused3067>
258970	<unused3068>
258971	<unused3069>
258972	<unused3070>
258973	<unused3071>
258974	<unused3072>
258975	<unused3073>
258976	<unused3074>
258977	<unused3075>
258978	<unused3076>
258979	<unused3077>
258980	<unused3078>
258981	<unused3079>
258982	<unused3080>
258983	<unused3081>
258984	<unused3082>
258985	<unused3083>
258986	<unused3084>
258987	<unused3085>
258988	<unused3086>
258989	<unused3087>
258990	<unused3088>
258991	<unused3089>
258992	<unused3090>
258993	<unused3091>
258994	<unused3092>
258995	<unused3093>
258996	<unused3094>
258997	<unused3095>
258998	<unused3096>
258999	<unused3097>
259000	<unused3098>
259001	<unused3099>
259002	<unused3100>
259003	<unused3101>
259004	<unused3102>
259005	<unused3103>
259006	<unused3104>
259007	<unused3105>
259008	<unused3106>
259009	<unused3107>
259010	<unused3108>
259011	<unused3109>
259012	<unused3110>
259013	<unused3111>
259014	<unused3112>
259015	<unused3113>
259016	<unused3114>
259017	<unused3115>
259018	<unused3116>
259019	<unused3117>
259020	<unused3118>
259021	<unused3119>
259022	<unused3120>
259023	<unused3121>
259024	<unused3122>
259025	<unused3123>
259026	<unused3124>
259027	<unused3125>
259028	<unused3126>
259029	<unused3127>
259030	<unused3128>
259031	<unused3129>
259032	<unused3130>
259033	<unused3131>
259034	<unused3132>
259035	<unused3133>
259036	<unused3134>
259037	<unused3135>
259038	<unused3136>
259039	<unused3137>
259040	<unused3138>
259041	<unused3139>
259042	<unused3140>
259043	<unused3141>
259044	<unused3142>
259045	<unused3143>
259046	<unused3144>
259047	<unused3145>
259048	<unused3146>
259049	<unused3147>
259050	<unused3148>
259051	<unused3149>
259052	<unused3150>
259053	<unused3151>
259054	<unused3152>
259055	<unused3153>
259056	<unused3154>
259057	<unused3155>
259058	<unused3156>
259059	<unused3157>
259060	<unused3158>
259061	<unused3159>
259062	<unused3160>
259063	<unused3161>
259064	<unused3162>
259065	<unused3163>
259066	<unused3164>
259067	<unused3165>
259068	<unused3166>
259069	<unused3167>
259070	<unused3168>
259071	<unused3169>
259072	<unused3170>
259073	<unused3171>
259074	<unused3172>
259075	<unused3173>
259076	<unused3174>
259077	<unused3175>
259078	<unused3176>
259079	<unused3177>
259080	<unused3178>
259081	<unused3179>
259082	<unused3180>
259083	<unused3181>
259084	<unused3182>
259085	<unused3183>
259086	<unused3184>
259087	<unused3185>
259088	<unused3186>
259089	<unused3187>
259090	<unused3188>
259091	<unused3189>
259092	<unused3190>
259093	<unused3191>
259094	<unused3192>
259095	<unused3193>
259096	<unused3194>
259097	<unused3195>
259098	<unused3196>
259099	<unused3197>
259100	<unused3198>
259101	<unused3199>
259102	<unused3200>
259103	<unused3201>
259104	<unused3202>
259105	<unused3203>
259106	<unused3204>
259107	<unused3205>
259108	<unused3206>
259109	<unused3207>
259110	<unused3208>
259111	<unused3209>
259112	<unused3210>
259113	<unused3211>
259114	<unused3212>
259115	<unused3213>
259116	<unused3214>
259117	<unused3215>
259118	<unused3216>
259119	<unused3217>
259120	<unused3218>
259121	<unused3219>
259122	<unused3220>
259123	<unused3221>
259124	<unused3222>
259125	<unused3223>
259126	<unused3224>
259127	<unused3225>
259128	<unused3226>
259129	<unused3227>
259130	<unused3228>
259131	<unused3229>
259132	<unused3230>
259133	<unused3231>
259134	<unused3232>
259135	<unused3233>
259136	<unused3234>
259137	<unused3235>
259138	<unused3236>
259139	<unused3237>
259140	<unused3238>
259141	<unused3239>
259142	<unused3240>
259143	<unused3241>
259144	<unused3242>
259145	<unused3243>
259146	<unused3244>
259147	<unused3245>
259148	<unused3246>
259149	<unused3247>
259150	<unused3248>
259151	<unused3249>
259152	<unused3250>
259153	<unused3251>
259154	<unused3252>
259155	<unused3253>
259156	<unused3254>
259157	<unused3255>
259158	<unused3256>
259159	<unused3257>
259160	<unused3258>
259161	<unused3259>
259162	<unused3260>
259163	<unused3261>
259164	<unused3262>
259165	<unused3263>
259166	<unused3264>
259167	<unused3265>
259168	<unused3266>
259169	<unused3267>
259170	<unused3268>
259171	<unused3269>
259172	<unused3270>
259173	<unused3271>
259174	<unused3272>
259175	<unused3273>
259176	<unused3274>
259177	<unused3275>
259178	<unused3276>
259179	<unused3277>
259180	<unused3278>
259181	<unused3279>
259182	<unused3280>
259183	<unused3281>
259184	<unused3282>
259185	<unused3283>
259186	<unused3284>
259187	<unused3285>
259188	<unused3286>
259189	<unused3287>
259190	<unused3288>
259191	<unused3289>
259192	<unused3290>
259193	<unused3291>
259194	<unused3292>
259195	<unused3293>
259196	<unused3294>
259197	<unused3295>
259198	<unused3296>
259199	<unused3297>
259200	<unused3298>
259201	<unused3299>
259202	<unused3300>
259203	<unused3301>
259204	<unused3302>
259205	<unused3303>
259206	<unused3304>
259207	<unused3305>
259208	<unused3306>
259209	<unused3307>
259210	<unused3308>
259211	<unused3309>
259212	<unused3310>
259213	<unused3311>
259214	<unused3312>
259215	<unused3313>
259216	<unused3314>
259217	<unused3315>
259218	<unused3316>
259219	<unused3317>
259220	<unused3318>
259221	<unused3319>
259222	<unused3320>
259223	<unused3321>
259224	<unused3322>
259225	<unused3323>
259226	<unused3324>
259227	<unused3325>
259228	<unused3326>
259229	<unused3327>
259230	<unused3328>
259231	<unused3329>
259232	<unused3330>
259233	<unused3331>
259234	<unused3332>
259235	<unused3333>
259236	<unused3334>
259237	<unused3335>
259238	<unused3336>
259239	<unused3337>
259240	<unused3338>
259241	<unused3339>
259242	<unused3340>
259243	<unused3341>
259244	<unused3342>
259245	<unused3343>
259246	<unused3344>
259247	<unused3345>
259248	<unused3346>
259249	<unused3347>
259250	<unused3348>
259251	<unused3349>
259252	<unused3350>
259253	<unused3351>
259254	<unused3352>
259255	<unused3353>
259256	<unused3354>
259257	<unused3355>
259258	<unused3356>
259259	<unused3357>
259260	<unused3358>
259261	<unused3359>
259262	<unused3360>
259263	<unused3361>
259264	<unused3362>
259265	<unused3363>
259266	<unused3364>
259267	<unused3365>
259268	<unused3366>
259269	<unused3367>
259270	<unused3368>
259271	<unused3369>
259272	<unused3370>
259273	<unused3371>
259274	<unused3372>
259275	<unused3373>
259276	<unused3374>
259277	<unused3375>
259278	<unused3376>
259279	<unused3377>
259280	<unused3378>
259281	<unused3379>
259282	<unused3380>
259283	<unused3381>
259284	<unused3382>
259285	<unused3383>
259286	<unused3384>
259287	<unused3385>
259288	<unused3386>
259289	<unused3387>
259290	<unused3388>
259291	<unused3389>
259292	<unused3390>
259293	<unused3391>
259294	<unused3392>
259295	<unused3393>
259296	<unused3394>
259297	<unused3395>
259298	<unused3396>
259299	<unused3397>
259300	<unused3398>
259301	<unused3399>
259302	<unused3400>
259303	<unused3401>
259304	<unused3402>
259305	<unused3403>
259306	<unused3404>
259307	<unused3405>
259308	<unused3406>
259309	<unused3407>
259310	<unused3408>
259311	<unused3409>
259312	<unused3410>
259313	<unused3411>
259314	<unused3412>
259315	<unused3413>
259316	<unused3414>
259317	<unused3415>
259318	<unused3416>
259319	<unused3417>
259320	<unused3418>
259321	<unused3419>
259322	<unused3420>
259323	<unused3421>
259324	<unused3422>
259325	<unused3423>
259326	<unused3424>
259327	<unused3425>
259328	<unused3426>
259329	<unused3427>
259330	<unused3428>
259331	<unused3429>
259332	<unused3430>
259333	<unused3431>
259334	<unused3432>
259335	<unused3433>
259336	<unused3434>
259337	<unused3435>
259338	<unused3436>
259339	<unused3437>
259340	<unused3438>
259341	<unused3439>
259342	<unused3440>
259343	<unused3441>
259344	<unused3442>
259345	<unused3443>
259346	<unused3444>
259347	<unused3445>
259348	<unused3446>
259349	<unused3447>
259350	<unused3448>
259351	<unused3449>
259352	<unused3450>
259353	<unused3451>
259354	<unused3452>
259355	<unused3453>
259356	<unused3454>
259357	<unused3455>
259358	<unused3456>
259359	<unused3457>
259360	<unused3458>
259361	<unused3459>
259362	<unused3460>
259363	<unused3461>
259364	<unused3462>
259365	<unused3463>
259366	<unused3464>
259367	<unused3465>
259368	<unused3466>
259369	<unused3467>
259370	<unused3468>
259371	<unused3469>
259372	<unused3470>
259373	<unused3471>
259374	<unused3472>
259375	<unused3473>
259376	<unused3474>
259377	<unused3475>
259378	<unused3476>
259379	<unused3477>
259380	<unused3478>
259381	<unused3479>
259382	<unused3480>
259383	<unused3481>
259384	<unused3482>
259385	<unused3483>
259386	<unused3484>
259387	<unused3485>
259388	<unused3486>
259389	<unused3487>
259390	<unused3488>
259391	<unused3489>
259392	<unused3490>
259393	<unused3491>
259394	<unused3492>
259395	<unused3493>
259396	<unused3494>
259397	<unused3495>
259398	<unused3496>
259399	<unused3497>
259400	<unused3498>
259401	<unused3499>
259402	<unused3500>
259403	<unused3501>
259404	<unused3502>
259405	<unused3503>
259406	<unused3504>
259407	<unused3505>
259408	<unused3506>
259409	<unused3507>
259410	<unused3508>
259411	<unused3509>
259412	<unused3510>
259413	<unused3511>
259414	<unused3512>
259415	<unused3513>
259416	<unused3514>
259417	<unused3515>
259418	<unused3516>
259419	<unused3517>
259420	<unused3518>
259421	<unused3519>
259422	<unused3520>
259423	<unused3521>
259424	<unused3522>
259425	<unused3523>
259426	<unused3524>
259427	<unused3525>
259428	<unused3526>
259429	<unused3527>
259430	<unused3528>
259431	<unused3529>
259432	<unused3530>
259433	<unused3531>
259434	<unused3532>
259435	<unused3533>
259436	<unused3534>
259437	<unused3535>
259438	<unused3536>
259439	<unused3537>
259440	<unused3538>
259441	<unused3539>
259442	<unused3540>
259443	<unused3541>
259444	<unused3542>
259445	<unused3543>
259446	<unused3544>
259447	<unused3545>
259448	<unused3546>
259449	<unused3547>
259450	<unused3548>
259451	<unused3549>
259452	<unused3550>
259453	<unused3551>
259454	<unused3552>
259455	<unused3553>
259456	<unused3554>
259457	<unused3555>
259458	<unused3556>
259459	<unused3557>
259460	<unused3558>
259461	<unused3559>
259462	<unused3560>
259463	<unused3561>
259464	<unused3562>
259465	<unused3563>
259466	<unused3564>
259467	<unused3565>
259468	<unused3566>
259469	<unused3567>
259470	<unused3568>
259471	<unused3569>
259472	<unused3570>
259473	<unused3571>
259474	<unused3572>
259475	<unused3573>
259476	<unused3574>
259477	<unused3575>
259478	<unused3576>
259479	<unused3577>
259480	<unused3578>
259481	<unused3579>
259482	<unused3580>
259483	<unused3581>
259484	<unused3582>
259485	<unused3583>
259486	<unused3584>
259487	<unused3585>
259488	<unused3586>
259489	<unused3587>
259490	<unused3588>
259491	<unused3589>
259492	<unused3590>
259493	<unused3591>
259494	<unused3592>
259495	<unused3593>
259496	<unused3594>
259497	<unused3595>
259498	<unused3596>
259499	<unused3597>
259500	<unused3598>
259501	<unused3599>
259502	<unused3600>
259503	<unused3601>
259504	<unused3602>
259505	<unused3603>
259506	<unused3604>
259507	<unused3605>
259508	<unused3606>
259509	<unused3607>
259510	<unused3608>
259511	<unused3609>
259512	<unused3610>
259513	<unused3611>
259514	<unused3612>
259515	<unused3613>
259516	<unused3614>
259517	<unused3615>
259518	<unused3616>
259519	<unused3617>
259520	<unused3618>
259521	<unused3619>
259522	<unused3620>
259523	<unused3621>
259524	<unused3622>
259525	<unused3623>
259526	<unused3624>
259527	<unused3625>
259528	<unused3626>
259529	<unused3627>
259530	<unused3628>
259531	<unused3629>
259532	<unused3630>
259533	<unused3631>
259534	<unused3632>
259535	<unused3633>
259536	<unused3634>
259537	<unused3635>
259538	<unused3636>
259539	<unused3637>
259540	<unused3638>
259541	<unused3639>
259542	<unused3640>
259543	<unused3641>
259544	<unused3642>
259545	<unused3643>
259546	<unused3644>
259547	<unused3645>
259548	<unused3646>
259549	<unused3647>
259550	<unused3648>
259551	<unused3649>
259552	<unused3650>
259553	<unused3651>
259554	<unused3652>
259555	<unused3653>
259556	<unused3654>
259557	<unused3655>
259558	<unused3656>
259559	<unused3657>
259560	<unused3658>
259561	<unused3659>
259562	<unused3660>
259563	<unused3661>
259564	<unused3662>
259565	<unused3663>
259566	<unused3664>
259567	<unused3665>
259568	<unused3666>
259569	<unused3667>
259570	<unused3668>
259571	<unused3669>
259572	<unused3670>
259573	<unused3671>
259574	<unused3672>
259575	<unused3673>
259576	<unused3674>
259577	<unused3675>
259578	<unused3676>
259579	<unused3677>
259580	<unused3678>
259581	<unused3679>
259582	<unused3680>
259583	<unused3681>
259584	<unused3682>
259585	<unused3683>
259586	<unused3684>
259587	<unused3685>
259588	<unused3686>
259589	<unused3687>
259590	<unused3688>
259591	<unused3689>
259592	<unused3690>
259593	<unused3691>
259594	<unused3692>
259595	<unused3693>
259596	<unused3694>
259597	<unused3695>
259598	<unused3696>
259599	<unused3697>
259600	<unused3698>
259601	<unused3699>
259602	<unused3700>
259603	<unused3701>
259604	<unused3702>
259605	<unused3703>
259606	<unused3704>
259607	<unused3705>
259608	<unused3706>
259609	<unused3707>
259610	<unused3708>
259611	<unused3709>
259612	<unused3710>
259613	<unused3711>
259614	<unused3712>
259615	<unused3713>
259616	<unused3714>
259617	<unused3715>
259618	<unused3716>
259619	<unused3717>
259620	<unused3718>
259621	<unused3719>
259622	<unused3720>
259623	<unused3721>
259624	<unused3722>
259625	<unused3723>
259626	<unused3724>
259627	<unused3725>
259628	<unused3726>
259629	<unused3727>
259630	<unused3728>
259631	<unused3729>
259632	<unused3730>
259633	<unused3731>
259634	<unused3732>
259635	<unused3733>
259636	<unused3734>
259637	<unused3735>
259638	<unused3736>
259639	<unused3737>
259640	<unused3738>
259641	<unused3739>
259642	<unused3740>
259643	<unused3741>
259644	<unused3742>
259645	<unused3743>
259646	<unused3744>
259647	<unused3745>
259648	<unused3746>
259649	<unused3747>
259650	<unused3748>
259651	<unused3749>
259652	<unused3750>
259653	<unused3751>
259654	<unused3752>
259655	<unused3753>
259656	<unused3754>
259657	<unused3755>
259658	<unused3756>
259659	<unused3757>
259660	<unused3758>
259661	<unused3759>
259662	<unused3760>
259663	<unused3761>
259664	<unused3762>
259665	<unused3763>
259666	<unused3764>
259667	<unused3765>
259668	<unused3766>
259669	<unused3767>
259670	<unused3768>
259671	<unused3769>
259672	<unused3770>
259673	<unused3771>
259674	<unused3772>
259675	<unused3773>
259676	<unused3774>
259677	<unused3775>
259678	<unused3776>
259679	<unused3777>
259680	<unused3778>
259681	<unused3779>
259682	<unused3780>
259683	<unused3781>
259684	<unused3782>
259685	<unused3783>
259686	<unused3784>
259687	<unused3785>
259688	<unused3786>
259689	<unused3787>
259690	<unused3788>
259691	<unused3789>
259692	<unused3790>
259693	<unused3791>
259694	<unused3792>
259695	<unused3793>
259696	<unused3794>
259697	<unused3795>
259698	<unused3796>
259699	<unused3797>
259700	<unused3798>
259701	<unused3799>
259702	<unused3800>
259703	<unused3801>
259704	<unused3802>
259705	<unused3803>
259706	<unused3804>
259707	<unused3805>
259708	<unused3806>
259709	<unused3807>
259710	<unused3808>
259711	<unused3809>
259712	<unused3810>
259713	<unused3811>
259714	<unused3812>
259715	<unused3813>
259716	<unused3814>
259717	<unused3815>
259718	<unused3816>
259719	<unused3817>
259720	<unused3818>
259721	<unused3819>
259722	<unused3820>
259723	<unused3821>
259724	<unused3822>
259725	<unused3823>
259726	<unused3824>
259727	<unused3825>
259728	<unused3826>
259729	<unused3827>
259730	<unused3828>
259731	<unused3829>
259732	<unused3830>
259733	<unused3831>
259734	<unused3832>
259735	<unused3833>
259736	<unused3834>
259737	<unused3835>
259738	<unused3836>
259739	<unused3837>
259740	<unused3838>
259741	<unused3839>
259742	<unused3840>
259743	<unused3841>
259744	<unused3842>
259745	<unused3843>
259746	<unused3844>
259747	<unused3845>
259748	<unused3846>
259749	<unused3847>
259750	<unused3848>
259751	<unused3849>
259752	<unused3850>
259753	<unused3851>
259754	<unused3852>
259755	<unused3853>
259756	<unused3854>
259757	<unused3855>
259758	<unused3856>
259759	<unused3857>
259760	<unused3858>
259761	<unused3859>
259762	<unused3860>
259763	<unused3861>
259764	<unused3862>
259765	<unused3863>
259766	<unused3864>
259767	<unused3865>
259768	<unused3866>
259769	<unused3867>
259770	<unused3868>
259771	<unused3869>
259772	<unused3870>
259773	<unused3871>
259774	<unused3872>
259775	<unused3873>
259776	<unused3874>
259777	<unused3875>
259778	<unused3876>
259779	<unused3877>
259780	<unused3878>
259781	<unused3879>
259782	<unused3880>
259783	<unused3881>
259784	<unused3882>
259785	<unused3883>
259786	<unused3884>
259787	<unused3885>
259788	<unused3886>
259789	<unused3887>
259790	<unused3888>
259791	<unused3889>
259792	<unused3890>
259793	<unused3891>
259794	<unused3892>
259795	<unused3893>
259796	<unused3894>
259797	<unused3895>
259798	<unused3896>
259799	<unused3897>
259800	<unused3898>
259801	<unused3899>
259802	<unused3900>
259803	<unused3901>
259804	<unused3902>
259805	<unused3903>
259806	<unused3904>
259807	<unused3905>
259808	<unused3906>
259809	<unused3907>
259810	<unused3908>
259811	<unused3909>
259812	<unused3910>
259813	<unused3911>
259814	<unused3912>
259815	<unused3913>
259816	<unused3914>
259817	<unused3915>
259818	<unused3916>
259819	<unused3917>
259820	<unused3918>
259821	<unused3919>
259822	<unused3920>
259823	<unused3921>
259824	<unused3922>
259825	<unused3923>
259826	<unused3924>
259827	<unused3925>
259828	<unused3926>
259829	<unused3927>
259830	<unused3928>
259831	<unused3929>
259832	<unused3930>
259833	<unused3931>
259834	<unused3932>
259835	<unused3933>
259836	<unused3934>
259837	<unused3935>
259838	<unused3936>
259839	<unused3937>
259840	<unused3938>
259841	<unused3939>
259842	<unused3940>
259843	<unused3941>
259844	<unused3942>
259845	<unused3943>
259846	<unused3944>
259847	<unused3945>
259848	<unused3946>
259849	<unused3947>
259850	<unused3948>
259851	<unused3949>
259852	<unused3950>
259853	<unused3951>
259854	<unused3952>
259855	<unused3953>
259856	<unused3954>
259857	<unused3955>
259858	<unused3956>
259859	<unused3957>
259860	<unused3958>
259861	<unused3959>
259862	<unused3960>
259863	<unused3961>
259864	<unused3962>
259865	<unused3963>
259866	<unused3964>
259867	<unused3965>
259868	<unused3966>
259869	<unused3967>
259870	<unused3968>
259871	<unused3969>
259872	<unused3970>
259873	<unused3971>
259874	<unused3972>
259875	<unused3973>
259876	<unused3974>
259877	<unused3975>
259878	<unused3976>
259879	<unused3977>
259880	<unused3978>
259881	<unused3979>
259882	<unused3980>
259883	<unused3981>
259884	<unused3982>
259885	<unused3983>
259886	<unused3984>
259887	<unused3985>
259888	<unused3986>
259889	<unused3987>
259890	<unused3988>
259891	<unused3989>
259892	<unused3990>
259893	<unused3991>
259894	<unused3992>
259895	<unused3993>
259896	<unused3994>
259897	<unused3995>
259898	<unused3996>
259899	<unused3997>
259900	<unused3998>
259901	<unused3999>
259902	<unused4000>
259903	<unused4001>
259904	<unused4002>
259905	<unused4003>
259906	<unused4004>
259907	<unused4005>
259908	<unused4006>
259909	<unused4007>
259910	<unused4008>
259911	<unused4009>
259912	<unused4010>
259913	<unused4011>
259914	<unused4012>
259915	<unused4013>
259916	<unused4014>
259917	<unused4015>
259918	<unused4016>
259919	<unused4017>
259920	<unused4018>
259921	<unused4019>
259922	<unused4020>
259923	<unused4021>
259924	<unused4022>
259925	<unused4023>
259926	<unused4024>
259927	<unused4025>
259928	<unused4026>
259929	<unused4027>
259930	<unused4028>
259931	<unused4029>
259932	<unused4030>
259933	<unused4031>
259934	<unused4032>
259935	<unused4033>
259936	<unused4034>
259937	<unused4035>
259938	<unused4036>
259939	<unused4037>
259940	<unused4038>
259941	<unused4039>
259942	<unused4040>
259943	<unused4041>
259944	<unused4042>
259945	<unused4043>
259946	<unused4044>
259947	<unused4045>
259948	<unused4046>
259949	<unused4047>
259950	<unused4048>
259951	<unused4049>
259952	<unused4050>
259953	<unused4051>
259954	<unused4052>
259955	<unused4053>
259956	<unused4054>
259957	<unused4055>
259958	<unused4056>
259959	<unused4057>
259960	<unused4058>
259961	<unused4059>
259962	<unused4060>
259963	<unused4061>
259964	<unused4062>
259965	<unused4063>
259966	<unused4064>
259967	<unused4065>
259968	<unused4066>
259969	<unused4067>
259970	<unused4068>
259971	<unused4069>
259972	<unused4070>
259973	<unused4071>
259974	<unused4072>
259975	<unused4073>
259976	<unused4074>
259977	<unused4075>
259978	<unused4076>
259979	<unused4077>
259980	<unused4078>
259981	<unused4079>
259982	<unused4080>
259983	<unused4081>
259984	<unused4082>
259985	<unused4083>
259986	<unused4084>
259987	<unused4085>
259988	<unused4086>
259989	<unused4087>
259990	<unused4088>
259991	<unused4089>
259992	<unused4090>
259993	<unused4091>
259994	<unused4092>
259995	<unused4093>
259996	<unused4094>
259997	<unused4095>
259998	<unused4096>
259999	<unused4097>
260000	<unused4098>
260001	<unused4099>
260002	<unused4100>
260003	<unused4101>
260004	<unused4102>
260005	<unused4103>
260006	<unused4104>
260007	<unused4105>
260008	<unused4106>
260009	<unused4107>
260010	<unused4108>
260011	<unused4109>
260012	<unused4110>
260013	<unused4111>
260014	<unused4112>
260015	<unused4113>
260016	<unused4114>
260017	<unused4115>
260018	<unused4116>
260019	<unused4117>
260020	<unused4118>
260021	<unused4119>
260022	<unused4120>
260023	<unused4121>
260024	<unused4122>
260025	<unused4123>
260026	<unused4124>
260027	<unused4125>
260028	<unused4126>
260029	<unused4127>
260030	<unused4128>
260031	<unused4129>
260032	<unused4130>
260033	<unused4131>
260034	<unused4132>
260035	<unused4133>
260036	<unused4134>
260037	<unused4135>
260038	<unused4136>
260039	<unused4137>
260040	<unused4138>
260041	<unused4139>
260042	<unused4140>
260043	<unused4141>
260044	<unused4142>
260045	<unused4143>
260046	<unused4144>
260047	<unused4145>
260048	<unused4146>
260049	<unused4147>
260050	<unused4148>
260051	<unused4149>
260052	<unused4150>
260053	<unused4151>
260054	<unused4152>
260055	<unused4153>
260056	<unused4154>
260057	<unused4155>
260058	<unused4156>
260059	<unused4157>
260060	<unused4158>
260061	<unused4159>
260062	<unused4160>
260063	<unused4161>
260064	<unused4162>
260065	<unused4163>
260066	<unused4164>
260067	<unused4165>
260068	<unused4166>
260069	<unused4167>
260070	<unused4168>
260071	<unused4169>
260072	<unused4170>
260073	<unused4171>
260074	<unused4172>
260075	<unused4173>
260076	<unused4174>
260077	<unused4175>
260078	<unused4176>
260079	<unused4177>
260080	<unused4178>
260081	<unused4179>
260082	<unused4180>
260083	<unused4181>
260084	<unused4182>
260085	<unused4183>
260086	<unused4184>
260087	<unused4185>
260088	<unused4186>
260089	<unused4187>
260090	<unused4188>
260091	<unused4189>
260092	<unused4190>
260093	<unused4191>
260094	<unused4192>
260095	<unused4193>
260096	<unused4194>
260097	<unused4195>
260098	<unused4196>
260099	<unused4197>
260100	<unused4198>
260101	<unused4199>
260102	<unused4200>
260103	<unused4201>
260104	<unused4202>
260105	<unused4203>
260106	<unused4204>
260107	<unused4205>
260108	<unused4206>
260109	<unused4207>
260110	<unused4208>
260111	<unused4209>
260112	<unused4210>
260113	<unused4211>
260114	<unused4212>
260115	<unused4213>
260116	<unused4214>
260117	<unused4215>
260118	<unused4216>
260119	<unused4217>
260120	<unused4218>
260121	<unused4219>
260122	<unused4220>
260123	<unused4221>
260124	<unused4222>
260125	<unused4223>
260126	<unused4224>
260127	<unused4225>
260128	<unused4226>
260129	<unused4227>
260130	<unused4228>
260131	<unused4229>
260132	<unused4230>
260133	<unused4231>
260134	<unused4232>
260135	<unused4233>
260136	<unused4234>
260137	<unused4235>
260138	<unused4236>
260139	<unused4237>
260140	<unused4238>
260141	<unused4239>
260142	<unused4240>
260143	<unused4241>
260144	<unused4242>
260145	<unused4243>
260146	<unused4244>
260147	<unused4245>
260148	<unused4246>
260149	<unused4247>
260150	<unused4248>
260151	<unused4249>
260152	<unused4250>
260153	<unused4251>
260154	<unused4252>
260155	<unused4253>
260156	<unused4254>
260157	<unused4255>
260158	<unused4256>
260159	<unused4257>
260160	<unused4258>
260161	<unused4259>
260162	<unused4260>
260163	<unused4261>
260164	<unused4262>
260165	<unused4263>
260166	<unused4264>
260167	<unused4265>
260168	<unused4266>
260169	<unused4267>
260170	<unused4268>
260171	<unused4269>
260172	<unused4270>
260173	<unused4271>
260174	<unused4272>
260175	<unused4273>
260176	<unused4274>
260177	<unused4275>
260178	<unused4276>
260179	<unused4277>
260180	<unused4278>
260181	<unused4279>
260182	<unused4280>
260183	<unused4281>
260184	<unused4282>
260185	<unused4283>
260186	<unused4284>
260187	<unused4285>
260188	<unused4286>
260189	<unused4287>
260190	<unused4288>
260191	<unused4289>
260192	<unused4290>
260193	<unused4291>
260194	<unused4292>
260195	<unused4293>
260196	<unused4294>
260197	<unused4295>
260198	<unused4296>
260199	<unused4297>
260200	<unused4298>
260201	<unused4299>
260202	<unused4300>
260203	<unused4301>
260204	<unused4302>
260205	<unused4303>
260206	<unused4304>
260207	<unused4305>
260208	<unused4306>
260209	<unused4307>
260210	<unused4308>
260211	<unused4309>
260212	<unused4310>
260213	<unused4311>
260214	<unused4312>
260215	<unused4313>
260216	<unused4314>
260217	<unused4315>
260218	<unused4316>
260219	<unused4317>
260220	<unused4318>
260221	<unused4319>
260222	<unused4320>
260223	<unused4321>
260224	<unused4322>
260225	<unused4323>
260226	<unused4324>
260227	<unused4325>
260228	<unused4326>
260229	<unused4327>
260230	<unused4328>
260231	<unused4329>
260232	<unused4330>
260233	<unused4331>
260234	<unused4332>
260235	<unused4333>
260236	<unused4334>
260237	<unused4335>
260238	<unused4336>
260239	<unused4337>
260240	<unused4338>
260241	<unused4339>
260242	<unused4340>
260243	<unused4341>
260244	<unused4342>
260245	<unused4343>
260246	<unused4344>
260247	<unused4345>
260248	<unused4346>
260249	<unused4347>
260250	<unused4348>
260251	<unused4349>
260252	<unused4350>
260253	<unused4351>
260254	<unused4352>
260255	<unused4353>
260256	<unused4354>
260257	<unused4355>
260258	<unused4356>
260259	<unused4357>
260260	<unused4358>
260261	<unused4359>
260262	<unused4360>
260263	<unused4361>
260264	<unused4362>
260265	<unused4363>
260266	<unused4364>
260267	<unused4365>
260268	<unused4366>
260269	<unused4367>
260270	<unused4368>
260271	<unused4369>
260272	<unused4370>
260273	<unused4371>
260274	<unused4372>
260275	<unused4373>
260276	<unused4374>
260277	<unused4375>
260278	<unused4376>
260279	<unused4377>
260280	<unused4378>
260281	<unused4379>
260282	<unused4380>
260283	<unused4381>
260284	<unused4382>
260285	<unused4383>
260286	<unused4384>
260287	<unused4385>
260288	<unused4386>
260289	<unused4387>
260290	<unused4388>
260291	<unused4389>
260292	<unused4390>
260293	<unused4391>
260294	<unused4392>
260295	<unused4393>
260296	<unused4394>
260297	<unused4395>
260298	<unused4396>
260299	<unused4397>
260300	<unused4398>
260301	<unused4399>
260302	<unused4400>
260303	<unused4401>
260304	<unused4402>
260305	<unused4403>
260306	<unused4404>
260307	<unused4405>
260308	<unused4406>
260309	<unused4407>
260310	<unused4408>
260311	<unused4409>
260312	<unused4410>
260313	<unused4411>
260314	<unused4412>
260315	<unused4413>
260316	<unused4414>
260317	<unused4415>
260318	<unused4416>
260319	<unused4417>
260320	<unused4418>
260321	<unused4419>
260322	<unused4420>
260323	<unused4421>
260324	<unused4422>
260325	<unused4423>
260326	<unused4424>
260327	<unused4425>
260328	<unused4426>
260329	<unused4427>
260330	<unused4428>
260331	<unused4429>
260332	<unused4430>
260333	<unused4431>
260334	<unused4432>
260335	<unused4433>
260336	<unused4434>
260337	<unused4435>
260338	<unused4436>
260339	<unused4437>
260340	<unused4438>
260341	<unused4439>
260342	<unused4440>
260343	<unused4441>
260344	<unused4442>
260345	<unused4443>
260346	<unused4444>
260347	<unused4445>
260348	<unused4446>
260349	<unused4447>
260350	<unused4448>
260351	<unused4449>
260352	<unused4450>
260353	<unused4451>
260354	<unused4452>
260355	<unused4453>
260356	<unused4454>
260357	<unused4455>
260358	<unused4456>
260359	<unused4457>
260360	<unused4458>
260361	<unused4459>
260362	<unused4460>
260363	<unused4461>
260364	<unused4462>
260365	<unused4463>
260366	<unused4464>
260367	<unused4465>
260368	<unused4466>
260369	<unused4467>
260370	<unused4468>
260371	<unused4469>
260372	<unused4470>
260373	<unused4471>
260374	<unused4472>
260375	<unused4473>
260376	<unused4474>
260377	<unused4475>
260378	<unused4476>
260379	<unused4477>
260380	<unused4478>
260381	<unused4479>
260382	<unused4480>
260383	<unused4481>
260384	<unused4482>
260385	<unused4483>
260386	<unused4484>
260387	<unused4485>
260388	<unused4486>
260389	<unused4487>
260390	<unused4488>
260391	<unused4489>
260392	<unused4490>
260393	<unused4491>
260394	<unused4492>
260395	<unused4493>
260396	<unused4494>
260397	<unused4495>
260398	<unused4496>
260399	<unused4497>
260400	<unused4498>
260401	<unused4499>
260402	<unused4500>
260403	<unused4501>
260404	<unused4502>
260405	<unused4503>
260406	<unused4504>
260407	<unused4505>
260408	<unused4506>
260409	<unused4507>
260410	<unused4508>
260411	<unused4509>
260412	<unused4510>
260413	<unused4511>
260414	<unused4512>
260415	<unused4513>
260416	<unused4514>
260417	<unused4515>
260418	<unused4516>
260419	<unused4517>
260420	<unused4518>
260421	<unused4519>
260422	<unused4520>
260423	<unused4521>
260424	<unused4522>
260425	<unused4523>
260426	<unused4524>
260427	<unused4525>
260428	<unused4526>
260429	<unused4527>
260430	<unused4528>
260431	<unused4529>
260432	<unused4530>
260433	<unused4531>
260434	<unused4532>
260435	<unused4533>
260436	<unused4534>
260437	<unused4535>
260438	<unused4536>
260439	<unused4537>
260440	<unused4538>
260441	<unused4539>
260442	<unused4540>
260443	<unused4541>
260444	<unused4542>
260445	<unused4543>
260446	<unused4544>
260447	<unused4545>
260448	<unused4546>
260449	<unused4547>
260450	<unused4548>
260451	<unused4549>
260452	<unused4550>
260453	<unused4551>
260454	<unused4552>
260455	<unused4553>
260456	<unused4554>
260457	<unused4555>
260458	<unused4556>
260459	<unused4557>
260460	<unused4558>
260461	<unused4559>
260462	<unused4560>
260463	<unused4561>
260464	<unused4562>
260465	<unused4563>
260466	<unused4564>
260467	<unused4565>
260468	<unused4566>
260469	<unused4567>
260470	<unused4568>
260471	<unused4569>
260472	<unused4570>
260473	<unused4571>
260474	<unused4572>
260475	<unused4573>
260476	<unused4574>
260477	<unused4575>
260478	<unused4576>
260479	<unused4577>
260480	<unused4578>
260481	<unused4579>
260482	<unused4580>
260483	<unused4581>
260484	<unused4582>
260485	<unused4583>
260486	<unused4584>
260487	<unused4585>
260488	<unused4586>
260489	<unused4587>
260490	<unused4588>
260491	<unused4589>
260492	<unused4590>
260493	<unused4591>
260494	<unused4592>
260495	<unused4593>
260496	<unused4594>
260497	<unused4595>
260498	<unused4596>
260499	<unused4597>
260500	<unused4598>
260501	<unused4599>
260502	<unused4600>
260503	<unused4601>
260504	<unused4602>
260505	<unused4603>
260506	<unused4604>
260507	<unused4605>
260508	<unused4606>
260509	<unused4607>
260510	<unused4608>
260511	<unused4609>
260512	<unused4610>
260513	<unused4611>
260514	<unused4612>
260515	<unused4613>
260516	<unused4614>
260517	<unused4615>
260518	<unused4616>
260519	<unused4617>
260520	<unused4618>
260521	<unused4619>
260522	<unused4620>
260523	<unused4621>
260524	<unused4622>
260525	<unused4623>
260526	<unused4624>
260527	<unused4625>
260528	<unused4626>
260529	<unused4627>
260530	<unused4628>
260531	<unused4629>
260532	<unused4630>
260533	<unused4631>
260534	<unused4632>
260535	<unused4633>
260536	<unused4634>
260537	<unused4635>
260538	<unused4636>
260539	<unused4637>
260540	<unused4638>
260541	<unused4639>
260542	<unused4640>
260543	<unused4641>
260544	<unused4642>
260545	<unused4643>
260546	<unused4644>
260547	<unused4645>
260548	<unused4646>
260549	<unused4647>
260550	<unused4648>
260551	<unused4649>
260552	<unused4650>
260553	<unused4651>
260554	<unused4652>
260555	<unused4653>
260556	<unused4654>
260557	<unused4655>
260558	<unused4656>
260559	<unused4657>
260560	<unused4658>
260561	<unused4659>
260562	<unused4660>
260563	<unused4661>
260564	<unused4662>
260565	<unused4663>
260566	<unused4664>
260567	<unused4665>
260568	<unused4666>
260569	<unused4667>
260570	<unused4668>
260571	<unused4669>
260572	<unused4670>
260573	<unused4671>
260574	<unused4672>
260575	<unused4673>
260576	<unused4674>
260577	<unused4675>
260578	<unused4676>
260579	<unused4677>
260580	<unused4678>
260581	<unused4679>
260582	<unused4680>
260583	<unused4681>
260584	<unused4682>
260585	<unused4683>
260586	<unused4684>
260587	<unused4685>
260588	<unused4686>
260589	<unused4687>
260590	<unused4688>
260591	<unused4689>
260592	<unused4690>
260593	<unused4691>
260594	<unused4692>
260595	<unused4693>
260596	<unused4694>
260597	<unused4695>
260598	<unused4696>
260599	<unused4697>
260600	<unused4698>
260601	<unused4699>
260602	<unused4700>
260603	<unused4701>
260604	<unused4702>
260605	<unused4703>
260606	<unused4704>
260607	<unused4705>
260608	<unused4706>
260609	<unused4707>
260610	<unused4708>
260611	<unused4709>
260612	<unused4710>
260613	<unused4711>
260614	<unused4712>
260615	<unused4713>
260616	<unused4714>
260617	<unused4715>
260618	<unused4716>
260619	<unused4717>
260620	<unused4718>
260621	<unused4719>
260622	<unused4720>
260623	<unused4721>
260624	<unused4722>
260625	<unused4723>
260626	<unused4724>
260627	<unused4725>
260628	<unused4726>
260629	<unused4727>
260630	<unused4728>
260631	<unused4729>
260632	<unused4730>
260633	<unused4731>
260634	<unused4732>
260635	<unused4733>
260636	<unused4734>
260637	<unused4735>
260638	<unused4736>
260639	<unused4737>
260640	<unused4738>
260641	<unused4739>
260642	<unused4740>
260643	<unused4741>
260644	<unused4742>
260645	<unused4743>
260646	<unused4744>
260647	<unused4745>
260648	<unused4746>
260649	<unused4747>
260650	<unused4748>
260651	<unused4749>
260652	<unused4750>
260653	<unused4751>
260654	<unused4752>
260655	<unused4753>
260656	<unused4754>
260657	<unused4755>
260658	<unused4756>
260659	<unused4757>
260660	<unused4758>
260661	<unused4759>
260662	<unused4760>
260663	<unused4761>
260664	<unused4762>
260665	<unused4763>
260666	<unused4764>
260667	<unused4765>
260668	<unused4766>
260669	<unused4767>
260670	<unused4768>
260671	<unused4769>
260672	<unused4770>
260673	<unused4771>
260674	<unused4772>
260675	<unused4773>
260676	<unused4774>
260677	<unused4775>
260678	<unused4776>
260679	<unused4777>
260680	<unused4778>
260681	<unused4779>
260682	<unused4780>
260683	<unused4781>
260684	<unused4782>
260685	<unused4783>
260686	<unused4784>
260687	<unused4785>
260688	<unused4786>
260689	<unused4787>
260690	<unused4788>
260691	<unused4789>
260692	<unused4790>
260693	<unused4791>
260694	<unused4792>
260695	<unused4793>
260696	<unused4794>
260697	<unused4795>
260698	<unused4796>
260699	<unused4797>
260700	<unused4798>
260701	<unused4799>
260702	<unused4800>
260703	<unused4801>
260704	<unused4802>
260705	<unused4803>
260706	<unused4804>
260707	<unused4805>
260708	<unused4806>
260709	<unused4807>
260710	<unused4808>
260711	<unused4809>
260712	<unused4810>
260713	<unused4811>
260714	<unused4812>
260715	<unused4813>
260716	<unused4814>
260717	<unused4815>
260718	<unused4816>
260719	<unused4817>
260720	<unused4818>
260721	<unused4819>
260722	<unused4820>
260723	<unused4821>
260724	<unused4822>
260725	<unused4823>
260726	<unused4824>
260727	<unused4825>
260728	<unused4826>
260729	<unused4827>
260730	<unused4828>
260731	<unused4829>
260732	<unused4830>
260733	<unused4831>
260734	<unused4832>
260735	<unused4833>
260736	<unused4834>
260737	<unused4835>
260738	<unused4836>
260739	<unused4837>
260740	<unused4838>
260741	<unused4839>
260742	<unused4840>
260743	<unused4841>
260744	<unused4842>
260745	<unused4843>
260746	<unused4844>
260747	<unused4845>
260748	<unused4846>
260749	<unused4847>
260750	<unused4848>
260751	<unused4849>
260752	<unused4850>
260753	<unused4851>
260754	<unused4852>
260755	<unused4853>
260756	<unused4854>
260757	<unused4855>
260758	<unused4856>
260759	<unused4857>
260760	<unused4858>
260761	<unused4859>
260762	<unused4860>
260763	<unused4861>
260764	<unused4862>
260765	<unused4863>
260766	<unused4864>
260767	<unused4865>
260768	<unused4866>
260769	<unused4867>
260770	<unused4868>
260771	<unused4869>
260772	<unused4870>
260773	<unused4871>
260774	<unused4872>
260775	<unused4873>
260776	<unused4874>
260777	<unused4875>
260778	<unused4876>
260779	<unused4877>
260780	<unused4878>
260781	<unused4879>
260782	<unused4880>
260783	<unused4881>
260784	<unused4882>
260785	<unused4883>
260786	<unused4884>
260787	<unused4885>
260788	<unused4886>
260789	<unused4887>
260790	<unused4888>
260791	<unused4889>
260792	<unused4890>
260793	<unused4891>
260794	<unused4892>
260795	<unused4893>
260796	<unused4894>
260797	<unused4895>
260798	<unused4896>
260799	<unused4897>
260800	<unused4898>
260801	<unused4899>
260802	<unused4900>
260803	<unused4901>
260804	<unused4902>
260805	<unused4903>
260806	<unused4904>
260807	<unused4905>
260808	<unused4906>
260809	<unused4907>
260810	<unused4908>
260811	<unused4909>
260812	<unused4910>
260813	<unused4911>
260814	<unused4912>
260815	<unused4913>
260816	<unused4914>
260817	<unused4915>
260818	<unused4916>
260819	<unused4917>
260820	<unused4918>
260821	<unused4919>
260822	<unused4920>
260823	<unused4921>
260824	<unused4922>
260825	<unused4923>
260826	<unused4924>
260827	<unused4925>
260828	<unused4926>
260829	<unused4927>
260830	<unused4928>
260831	<unused4929>
260832	<unused4930>
260833	<unused4931>
260834	<unused4932>
260835	<unused4933>
260836	<unused4934>
260837	<unused4935>
260838	<unused4936>
260839	<unused4937>
260840	<unused4938>
260841	<unused4939>
260842	<unused4940>
260843	<unused4941>
260844	<unused4942>
260845	<unused4943>
260846	<unused4944>
260847	<unused4945>
260848	<unused4946>
260849	<unused4947>
260850	<unused4948>
260851	<unused4949>
260852	<unused4950>
260853	<unused4951>
260854	<unused4952>
260855	<unused4953>
260856	<unused4954>
260857	<unused4955>
260858	<unused4956>
260859	<unused4957>
260860	<unused4958>
260861	<unused4959>
260862	<unused4960>
260863	<unused4961>
260864	<unused4962>
260865	<unused4963>
260866	<unused4964>
260867	<unused4965>
260868	<unused4966>
260869	<unused4967>
260870	<unused4968>
260871	<unused4969>
260872	<unused4970>
260873	<unused4971>
260874	<unused4972>
260875	<unused4973>
260876	<unused4974>
260877	<unused4975>
260878	<unused4976>
260879	<unused4977>
260880	<unused4978>
260881	<unused4979>
260882	<unused4980>
260883	<unused4981>
260884	<unused4982>
260885	<unused4983>
260886	<unused4984>
260887	<unused4985>
260888	<unused4986>
260889	<unused4987>
260890	<unused4988>
260891	<unused4989>
260892	<unused4990>
260893	<unused4991>
260894	<unused4992>
260895	<unused4993>
260896	<unused4994>
260897	<unused4995>
260898	<unused4996>
260899	<unused4997>
260900	<unused4998>
260901	<unused4999>
260902	<unused5000>
260903	<unused5001>
260904	<unused5002>
260905	<unused5003>
260906	<unused5004>
260907	<unused5005>
260908	<unused5006>
260909	<unused5007>
260910	<unused5008>
260911	<unused5009>
260912	<unused5010>
260913	<unused5011>
260914	<unused5012>
260915	<unused5013>
260916	<unused5014>
260917	<unused5015>
260918	<unused5016>
260919	<unused5017>
260920	<unused5018>
260921	<unused5019>
260922	<unused5020>
260923	<unused5021>
260924	<unused5022>
260925	<unused5023>
260926	<unused5024>
260927	<unused5025>
260928	<unused5026>
260929	<unused5027>
260930	<unused5028>
260931	<unused5029>
260932	<unused5030>
260933	<unused5031>
260934	<unused5032>
260935	<unused5033>
260936	<unused5034>
260937	<unused5035>
260938	<unused5036>
260939	<unused5037>
260940	<unused5038>
260941	<unused5039>
260942	<unused5040>
260943	<unused5041>
260944	<unused5042>
260945	<unused5043>
260946	<unused5044>
260947	<unused5045>
260948	<unused5046>
260949	<unused5047>
260950	<unused5048>
260951	<unused5049>
260952	<unused5050>
260953	<unused5051>
260954	<unused5052>
260955	<unused5053>
260956	<unused5054>
260957	<unused5055>
260958	<unused5056>
260959	<unused5057>
260960	<unused5058>
260961	<unused5059>
260962	<unused5060>
260963	<unused5061>
260964	<unused5062>
260965	<unused5063>
260966	<unused5064>
260967	<unused5065>
260968	<unused5066>
260969	<unused5067>
260970	<unused5068>
260971	<unused5069>
260972	<unused5070>
260973	<unused5071>
260974	<unused5072>
260975	<unused5073>
260976	<unused5074>
260977	<unused5075>
260978	<unused5076>
260979	<unused5077>
260980	<unused5078>
260981	<unused5079>
260982	<unused5080>
260983	<unused5081>
260984	<unused5082>
260985	<unused5083>
260986	<unused5084>
260987	<unused5085>
260988	<unused5086>
260989	<unused5087>
260990	<unused5088>
260991	<unused5089>
260992	<unused5090>
260993	<unused5091>
260994	<unused5092>
260995	<unused5093>
260996	<unused5094>
260997	<unused5095>
260998	<unused5096>
260999	<unused5097>
261000	<unused5098>
261001	<unused5099>
261002	<unused5100>
261003	<unused5101>
261004	<unused5102>
261005	<unused5103>
261006	<unused5104>
261007	<unused5105>
261008	<unused5106>
261009	<unused5107>
261010	<unused5108>
261011	<unused5109>
261012	<unused5110>
261013	<unused5111>
261014	<unused5112>
261015	<unused5113>
261016	<unused5114>
261017	<unused5115>
261018	<unused5116>
261019	<unused5117>
261020	<unused5118>
261021	<unused5119>
261022	<unused5120>
261023	<unused5121>
261024	<unused5122>
261025	<unused5123>
261026	<unused5124>
261027	<unused5125>
261028	<unused5126>
261029	<unused5127>
261030	<unused5128>
261031	<unused5129>
261032	<unused5130>
261033	<unused5131>
261034	<unused5132>
261035	<unused5133>
261036	<unused5134>
261037	<unused5135>
261038	<unused5136>
261039	<unused5137>
261040	<unused5138>
261041	<unused5139>
261042	<unused5140>
261043	<unused5141>
261044	<unused5142>
261045	<unused5143>
261046	<unused5144>
261047	<unused5145>
261048	<unused5146>
261049	<unused5147>
261050	<unused5148>
261051	<unused5149>
261052	<unused5150>
261053	<unused5151>
261054	<unused5152>
261055	<unused5153>
261056	<unused5154>
261057	<unused5155>
261058	<unused5156>
261059	<unused5157>
261060	<unused5158>
261061	<unused5159>
261062	<unused5160>
261063	<unused5161>
261064	<unused5162>
261065	<unused5163>
261066	<unused5164>
261067	<unused5165>
261068	<unused5166>
261069	<unused5167>
261070	<unused5168>
261071	<unused5169>
261072	<unused5170>
261073	<unused5171>
261074	<unused5172>
261075	<unused5173>
261076	<unused5174>
261077	<unused5175>
261078	<unused5176>
261079	<unused5177>
261080	<unused5178>
261081	<unused5179>
261082	<unused5180>
261083	<unused5181>
261084	<unused5182>
261085	<unused5183>
261086	<unused5184>
261087	<unused5185>
261088	<unused5186>
261089	<unused5187>
261090	<unused5188>
261091	<unused5189>
261092	<unused5190>
261093	<unused5191>
261094	<unused5192>
261095	<unused5193>
261096	<unused5194>
261097	<unused5195>
261098	<unused5196>
261099	<unused5197>
261100	<unused5198>
261101	<unused5199>
261102	<unused5200>
261103	<unused5201>
261104	<unused5202>
261105	<unused5203>
261106	<unused5204>
261107	<unused5205>
261108	<unused5206>
261109	<unused5207>
261110	<unused5208>
261111	<unused5209>
261112	<unused5210>
261113	<unused5211>
261114	<unused5212>
261115	<unused5213>
261116	<unused5214>
261117	<unused5215>
261118	<unused5216>
261119	<unused5217>
261120	<unused5218>
261121	<unused5219>
261122	<unused5220>
261123	<unused5221>
261124	<unused5222>
261125	<unused5223>
261126	<unused5224>
261127	<unused5225>
261128	<unused5226>
261129	<unused5227>
261130	<unused5228>
261131	<unused5229>
261132	<unused5230>
261133	<unused5231>
261134	<unused5232>
261135	<unused5233>
261136	<unused5234>
261137	<unused5235>
261138	<unused5236>
261139	<unused5237>
261140	<unused5238>
261141	<unused5239>
261142	<unused5240>
261143	<unused5241>
261144	<unused5242>
261145	<unused5243>
261146	<unused5244>
261147	<unused5245>
261148	<unused5246>
261149	<unused5247>
261150	<unused5248>
261151	<unused5249>
261152	<unused5250>
261153	<unused5251>
261154	<unused5252>
261155	<unused5253>
261156	<unused5254>
261157	<unused5255>
261158	<unused5256>
261159	<unused5257>
261160	<unused5258>
261161	<unused5259>
261162	<unused5260>
261163	<unused5261>
261164	<unused5262>
261165	<unused5263>
261166	<unused5264>
261167	<unused5265>
261168	<unused5266>
261169	<unused5267>
261170	<unused5268>
261171	<unused5269>
261172	<unused5270>
261173	<unused5271>
261174	<unused5272>
261175	<unused5273>
261176	<unused5274>
261177	<unused5275>
261178	<unused5276>
261179	<unused5277>
261180	<unused5278>
261181	<unused5279>
261182	<unused5280>
261183	<unused5281>
261184	<unused5282>
261185	<unused5283>
261186	<unused5284>
261187	<unused5285>
261188	<unused5286>
261189	<unused5287>
261190	<unused5288>
261191	<unused5289>
261192	<unused5290>
261193	<unused5291>
261194	<unused5292>
261195	<unused5293>
261196	<unused5294>
261197	<unused5295>
261198	<unused5296>
261199	<unused5297>
261200	<unused5298>
261201	<unused5299>
261202	<unused5300>
261203	<unused5301>
261204	<unused5302>
261205	<unused5303>
261206	<unused5304>
261207	<unused5305>
261208	<unused5306>
261209	<unused5307>
261210	<unused5308>
261211	<unused5309>
261212	<unused5310>
261213	<unused5311>
261214	<unused5312>
261215	<unused5313>
261216	<unused5314>
261217	<unused5315>
261218	<unused5316>
261219	<unused5317>
261220	<unused5318>
261221	<unused5319>
261222	<unused5320>
261223	<unused5321>
261224	<unused5322>
261225	<unused5323>
261226	<unused5324>
261227	<unused5325>
261228	<unused5326>
261229	<unused5327>
261230	<unused5328>
261231	<unused5329>
261232	<unused5330>
261233	<unused5331>
261234	<unused5332>
261235	<unused5333>
261236	<unused5334>
261237	<unused5335>
261238	<unused5336>
261239	<unused5337>
261240	<unused5338>
261241	<unused5339>
261242	<unused5340>
261243	<unused5341>
261244	<unused5342>
261245	<unused5343>
261246	<unused5344>
261247	<unused5345>
261248	<unused5346>
261249	<unused5347>
261250	<unused5348>
261251	<unused5349>
261252	<unused5350>
261253	<unused5351>
261254	<unused5352>
261255	<unused5353>
261256	<unused5354>
261257	<unused5355>
261258	<unused5356>
261259	<unused5357>
261260	<unused5358>
261261	<unused5359>
261262	<unused5360>
261263	<unused5361>
261264	<unused5362>
261265	<unused5363>
261266	<unused5364>
261267	<unused5365>
261268	<unused5366>
261269	<unused5367>
261270	<unused5368>
261271	<unused5369>
261272	<unused5370>
261273	<unused5371>
261274	<unused5372>
261275	<unused5373>
261276	<unused5374>
261277	<unused5375>
261278	<unused5376>
261279	<unused5377>
261280	<unused5378>
261281	<unused5379>
261282	<unused5380>
261283	<unused5381>
261284	<unused5382>
261285	<unused5383>
261286	<unused5384>
261287	<unused5385>
261288	<unused5386>
261289	<unused5387>
261290	<unused5388>
261291	<unused5389>
261292	<unused5390>
261293	<unused5391>
261294	<unused5392>
261295	<unused5393>
261296	<unused5394>
261297	<unused5395>
261298	<unused5396>
261299	<unused5397>
261300	<unused5398>
261301	<unused5399>
261302	<unused5400>
261303	<unused5401>
261304	<unused5402>
261305	<unused5403>
261306	<unused5404>
261307	<unused5405>
261308	<unused5406>
261309	<unused5407>
261310	<unused5408>
261311	<unused5409>
261312	<unused5410>
261313	<unused5411>
261314	<unused5412>
261315	<unused5413>
261316	<unused5414>
261317	<unused5415>
261318	<unused5416>
261319	<unused5417>
261320	<unused5418>
261321	<unused5419>
261322	<unused5420>
261323	<unused5421>
261324	<unused5422>
261325	<unused5423>
261326	<unused5424>
261327	<unused5425>
261328	<unused5426>
261329	<unused5427>
261330	<unused5428>
261331	<unused5429>
261332	<unused5430>
261333	<unused5431>
261334	<unused5432>
261335	<unused5433>
261336	<unused5434>
261337	<unused5435>
261338	<unused5436>
261339	<unused5437>
261340	<unused5438>
261341	<unused5439>
261342	<unused5440>
261343	<unused5441>
261344	<unused5442>
261345	<unused5443>
261346	<unused5444>
261347	<unused5445>
261348	<unused5446>
261349	<unused5447>
261350	<unused5448>
261351	<unused5449>
261352	<unused5450>
261353	<unused5451>
261354	<unused5452>
261355	<unused5453>
261356	<unused5454>
261357	<unused5455>
261358	<unused5456>
261359	<unused5457>
261360	<unused5458>
261361	<unused5459>
261362	<unused5460>
261363	<unused5461>
261364	<unused5462>
261365	<unused5463>
261366	<unused5464>
261367	<unused5465>
261368	<unused5466>
261369	<unused5467>
261370	<unused5468>
261371	<unused5469>
261372	<unused5470>
261373	<unused5471>
261374	<unused5472>
261375	<unused5473>
261376	<unused5474>
261377	<unused5475>
261378	<unused5476>
261379	<unused5477>
261380	<unused5478>
261381	<unused5479>
261382	<unused5480>
261383	<unused5481>
261384	<unused5482>
261385	<unused5483>
261386	<unused5484>
261387	<unused5485>
261388	<unused5486>
261389	<unused5487>
261390	<unused5488>
261391	<unused5489>
261392	<unused5490>
261393	<unused5491>
261394	<unused5492>
261395	<unused5493>
261396	<unused5494>
261397	<unused5495>
261398	<unused5496>
261399	<unused5497>
261400	<unused5498>
261401	<unused5499>
261402	<unused5500>
261403	<unused5501>
261404	<unused5502>
261405	<unused5503>
261406	<unused5504>
261407	<unused5505>
261408	<unused5506>
261409	<unused5507>
261410	<unused5508>
261411	<unused5509>
261412	<unused5510>
261413	<unused5511>
261414	<unused5512>
261415	<unused5513>
261416	<unused5514>
261417	<unused5515>
261418	<unused5516>
261419	<unused5517>
261420	<unused5518>
261421	<unused5519>
261422	<unused5520>
261423	<unused5521>
261424	<unused5522>
261425	<unused5523>
261426	<unused5524>
261427	<unused5525>
261428	<unused5526>
261429	<unused5527>
261430	<unused5528>
261431	<unused5529>
261432	<unused5530>
261433	<unused5531>
261434	<unused5532>
261435	<unused5533>
261436	<unused5534>
261437	<unused5535>
261438	<unused5536>
261439	<unused5537>
261440	<unused5538>
261441	<unused5539>
261442	<unused5540>
261443	<unused5541>
261444	<unused5542>
261445	<unused5543>
261446	<unused5544>
261447	<unused5545>
261448	<unused5546>
261449	<unused5547>
261450	<unused5548>
261451	<unused5549>
261452	<unused5550>
261453	<unused5551>
261454	<unused5552>
261455	<unused5553>
261456	<unused5554>
261457	<unused5555>
261458	<unused5556>
261459	<unused5557>
261460	<unused5558>
261461	<unused5559>
261462	<unused5560>
261463	<unused5561>
261464	<unused5562>
261465	<unused5563>
261466	<unused5564>
261467	<unused5565>
261468	<unused5566>
261469	<unused5567>
261470	<unused5568>
261471	<unused5569>
261472	<unused5570>
261473	<unused5571>
261474	<unused5572>
261475	<unused5573>
261476	<unused5574>
261477	<unused5575>
261478	<unused5576>
261479	<unused5577>
261480	<unused5578>
261481	<unused5579>
261482	<unused5580>
261483	<unused5581>
261484	<unused5582>
261485	<unused5583>
261486	<unused5584>
261487	<unused5585>
261488	<unused5586>
261489	<unused5587>
261490	<unused5588>
261491	<unused5589>
261492	<unused5590>
261493	<unused5591>
261494	<unused5592>
261495	<unused5593>
261496	<unused5594>
261497	<unused5595>
261498	<unused5596>
261499	<unused5597>
261500	<unused5598>
261501	<unused5599>
261502	<unused5600>
261503	<unused5601>
261504	<unused5602>
261505	<unused5603>
261506	<unused5604>
261507	<unused5605>
261508	<unused5606>
261509	<unused5607>
261510	<unused5608>
261511	<unused5609>
261512	<unused5610>
261513	<unused5611>
261514	<unused5612>
261515	<unused5613>
261516	<unused5614>
261517	<unused5615>
261518	<unused5616>
261519	<unused5617>
261520	<unused5618>
261521	<unused5619>
261522	<unused5620>
261523	<unused5621>
261524	<unused5622>
261525	<unused5623>
261526	<unused5624>
261527	<unused5625>
261528	<unused5626>
261529	<unused5627>
261530	<unused5628>
261531	<unused5629>
261532	<unused5630>
261533	<unused5631>
261534	<unused5632>
261535	<unused5633>
261536	<unused5634>
261537	<unused5635>
261538	<unused5636>
261539	<unused5637>
261540	<unused5638>
261541	<unused5639>
261542	<unused5640>
261543	<unused5641>
261544	<unused5642>
261545	<unused5643>
261546	<unused5644>
261547	<unused5645>
261548	<unused5646>
261549	<unused5647>
261550	<unused5648>
261551	<unused5649>
261552	<unused5650>
261553	<unused5651>
261554	<unused5652>
261555	<unused5653>
261556	<unused5654>
261557	<unused5655>
261558	<unused5656>
261559	<unused5657>
261560	<unused5658>
261561	<unused5659>
261562	<unused5660>
261563	<unused5661>
261564	<unused5662>
261565	<unused5663>
261566	<unused5664>
261567	<unused5665>
261568	<unused5666>
261569	<unused5667>
261570	<unused5668>
261571	<unused5669>
261572	<unused5670>
261573	<unused5671>
261574	<unused5672>
261575	<unused5673>
261576	<unused5674>
261577	<unused5675>
261578	<unused5676>
261579	<unused5677>
261580	<unused5678>
261581	<unused5679>
261582	<unused5680>
261583	<unused5681>
261584	<unused5682>
261585	<unused5683>
261586	<unused5684>
261587	<unused5685>
261588	<unused5686>
261589	<unused5687>
261590	<unused5688>
261591	<unused5689>
261592	<unused5690>
261593	<unused5691>
261594	<unused5692>
261595	<unused5693>
261596	<unused5694>
261597	<unused5695>
261598	<unused5696>
261599	<unused5697>
261600	<unused5698>
261601	<unused5699>
261602	<unused5700>
261603	<unused5701>
261604	<unused5702>
261605	<unused5703>
261606	<unused5704>
261607	<unused5705>
261608	<unused5706>
261609	<unused5707>
261610	<unused5708>
261611	<unused5709>
261612	<unused5710>
261613	<unused5711>
261614	<unused5712>
261615	<unused5713>
261616	<unused5714>
261617	<unused5715>
261618	<unused5716>
261619	<unused5717>
261620	<unused5718>
261621	<unused5719>
261622	<unused5720>
261623	<unused5721>
261624	<unused5722>
261625	<unused5723>
261626	<unused5724>
261627	<unused5725>
261628	<unused5726>
261629	<unused5727>
261630	<unused5728>
261631	<unused5729>
261632	<unused5730>
261633	<unused5731>
261634	<unused5732>
261635	<unused5733>
261636	<unused5734>
261637	<unused5735>
261638	<unused5736>
261639	<unused5737>
261640	<unused5738>
261641	<unused5739>
261642	<unused5740>
261643	<unused5741>
261644	<unused5742>
261645	<unused5743>
261646	<unused5744>
261647	<unused5745>
261648	<unused5746>
261649	<unused5747>
261650	<unused5748>
261651	<unused5749>
261652	<unused5750>
261653	<unused5751>
261654	<unused5752>
261655	<unused5753>
261656	<unused5754>
261657	<unused5755>
261658	<unused5756>
261659	<unused5757>
261660	<unused5758>
261661	<unused5759>
261662	<unused5760>
261663	<unused5761>
261664	<unused5762>
261665	<unused5763>
261666	<unused5764>
261667	<unused5765>
261668	<unused5766>
261669	<unused5767>
261670	<unused5768>
261671	<unused5769>
261672	<unused5770>
261673	<unused5771>
261674	<unused5772>
261675	<unused5773>
261676	<unused5774>
261677	<unused5775>
261678	<unused5776>
261679	<unused5777>
261680	<unused5778>
261681	<unused5779>
261682	<unused5780>
261683	<unused5781>
261684	<unused5782>
261685	<unused5783>
261686	<unused5784>
261687	<unused5785>
261688	<unused5786>
261689	<unused5787>
261690	<unused5788>
261691	<unused5789>
261692	<unused5790>
261693	<unused5791>
261694	<unused5792>
261695	<unused5793>
261696	<unused5794>
261697	<unused5795>
261698	<unused5796>
261699	<unused5797>
261700	<unused5798>
261701	<unused5799>
261702	<unused5800>
261703	<unused5801>
261704	<unused5802>
261705	<unused5803>
261706	<unused5804>
261707	<unused5805>
261708	<unused5806>
261709	<unused5807>
261710	<unused5808>
261711	<unused5809>
261712	<unused5810>
261713	<unused5811>
261714	<unused5812>
261715	<unused5813>
261716	<unused5814>
261717	<unused5815>
261718	<unused5816>
261719	<unused5817>
261720	<unused5818>
261721	<unused5819>
261722	<unused5820>
261723	<unused5821>
261724	<unused5822>
261725	<unused5823>
261726	<unused5824>
261727	<unused5825>
261728	<unused5826>
261729	<unused5827>
261730	<unused5828>
261731	<unused5829>
261732	<unused5830>
261733	<unused5831>
261734	<unused5832>
261735	<unused5833>
261736	<unused5834>
261737	<unused5835>
261738	<unused5836>
261739	<unused5837>
261740	<unused5838>
261741	<unused5839>
261742	<unused5840>
261743	<unused5841>
261744	<unused5842>
261745	<unused5843>
261746	<unused5844>
261747	<unused5845>
261748	<unused5846>
261749	<unused5847>
261750	<unused5848>
261751	<unused5849>
261752	<unused5850>
261753	<unused5851>
261754	<unused5852>
261755	<unused5853>
261756	<unused5854>
261757	<unused5855>
261758	<unused5856>
261759	<unused5857>
261760	<unused5858>
261761	<unused5859>
261762	<unused5860>
261763	<unused5861>
261764	<unused5862>
261765	<unused5863>
261766	<unused5864>
261767	<unused5865>
261768	<unused5866>
261769	<unused5867>
261770	<unused5868>
261771	<unused5869>
261772	<unused5870>
261773	<unused5871>
261774	<unused5872>
261775	<unused5873>
261776	<unused5874>
261777	<unused5875>
261778	<unused5876>
261779	<unused5877>
261780	<unused5878>
261781	<unused5879>
261782	<unused5880>
261783	<unused5881>
261784	<unused5882>
261785	<unused5883>
261786	<unused5884>
261787	<unused5885>
261788	<unused5886>
261789	<unused5887>
261790	<unused5888>
261791	<unused5889>
261792	<unused5890>
261793	<unused5891>
261794	<unused5892>
261795	<unused5893>
261796	<unused5894>
261797	<unused5895>
261798	<unused5896>
261799	<unused5897>
261800	<unused5898>
261801	<unused5899>
261802	<unused5900>
261803	<unused5901>
261804	<unused5902>
261805	<unused5903>
261806	<unused5904>
261807	<unused5905>
261808	<unused5906>
261809	<unused5907>
261810	<unused5908>
261811	<unused5909>
261812	<unused5910>
261813	<unused5911>
261814	<unused5912>
261815	<unused5913>
261816	<unused5914>
261817	<unused5915>
261818	<unused5916>
261819	<unused5917>
261820	<unused5918>
261821	<unused5919>
261822	<unused5920>
261823	<unused5921>
261824	<unused5922>
261825	<unused5923>
261826	<unused5924>
261827	<unused5925>
261828	<unused5926>
261829	<unused5927>
261830	<unused5928>
261831	<unused5929>
261832	<unused5930>
261833	<unused5931>
261834	<unused5932>
261835	<unused5933>
261836	<unused5934>
261837	<unused5935>
261838	<unused5936>
261839	<unused5937>
261840	<unused5938>
261841	<unused5939>
261842	<unused5940>
261843	<unused5941>
261844	<unused5942>
261845	<unused5943>
261846	<unused5944>
261847	<unused5945>
261848	<unused5946>
261849	<unused5947>
261850	<unused5948>
261851	<unused5949>
261852	<unused5950>
261853	<unused5951>
261854	<unused5952>
261855	<unused5953>
261856	<unused5954>
261857	<unused5955>
261858	<unused5956>
261859	<unused5957>
261860	<unused5958>
261861	<unused5959>
261862	<unused5960>
261863	<unused5961>
261864	<unused5962>
261865	<unused5963>
261866	<unused5964>
261867	<unused5965>
261868	<unused5966>
261869	<unused5967>
261870	<unused5968>
261871	<unused5969>
261872	<unused5970>
261873	<unused5971>
261874	<unused5972>
261875	<unused5973>
261876	<unused5974>
261877	<unused5975>
261878	<unused5976>
261879	<unused5977>
261880	<unused5978>
261881	<unused5979>
261882	<unused5980>
261883	<unused5981>
261884	<unused5982>
261885	<unused5983>
261886	<unused5984>
261887	<unused5985>
261888	<unused5986>
261889	<unused5987>
261890	<unused5988>
261891	<unused5989>
261892	<unused5990>
261893	<unused5991>
261894	<unused5992>
261895	<unused5993>
261896	<unused5994>
261897	<unused5995>
261898	<unused5996>
261899	<unused5997>
261900	<unused5998>
261901	<unused5999>
261902	<unused6000>
261903	<unused6001>
261904	<unused6002>
261905	<unused6003>
261906	<unused6004>
261907	<unused6005>
261908	<unused6006>
261909	<unused6007>
261910	<unused6008>
261911	<unused6009>
261912	<unused6010>
261913	<unused6011>
261914	<unused6012>
261915	<unused6013>
261916	<unused6014>
261917	<unused6015>
261918	<unused6016>
261919	<unused6017>
261920	<unused6018>
261921	<unused6019>
261922	<unused6020>
261923	<unused6021>
261924	<unused6022>
261925	<unused6023>
261926	<unused6024>
261927	<unused6025>
261928	<unused6026>
261929	<unused6027>
261930	<unused6028>
261931	<unused6029>
261932	<unused6030>
261933	<unused6031>
261934	<unused6032>
261935	<unused6033>
261936	<unused6034>
261937	<unused6035>
261938	<unused6036>
261939	<unused6037>
261940	<unused6038>
261941	<unused6039>
261942	<unused6040>
261943	<unused6041>
261944	<unused6042>
261945	<unused6043>
261946	<unused6044>
261947	<unused6045>
261948	<unused6046>
261949	<unused6047>
261950	<unused6048>
261951	<unused6049>
261952	<unused6050>
261953	<unused6051>
261954	<unused6052>
261955	<unused6053>
261956	<unused6054>
261957	<unused6055>
261958	<unused6056>
261959	<unused6057>
261960	<unused6058>
261961	<unused6059>
261962	<unused6060>
261963	<unused6061>
261964	<unused6062>
261965	<unused6063>
261966	<unused6064>
261967	<unused6065>
261968	<unused6066>
261969	<unused6067>
261970	<unused6068>
261971	<unused6069>
261972	<unused6070>
261973	<unused6071>
261974	<unused6072>
261975	<unused6073>
261976	<unused6074>
261977	<unused6075>
261978	<unused6076>
261979	<unused6077>
261980	<unused6078>
261981	<unused6079>
261982	<unused6080>
261983	<unused6081>
261984	<unused6082>
261985	<unused6083>
261986	<unused6084>
261987	<unused6085>
261988	<unused6086>
261989	<unused6087>
261990	<unused6088>
261991	<unused6089>
261992	<unused6090>
261993	<unused6091>
261994	<unused6092>
261995	<unused6093>
261996	<unused6094>
261997	<unused6095>
261998	<unused6096>
261999	<unused6097>
262000	<unused6098>
262001	<unused6099>
262002	<unused6100>
262003	<unused6101>
262004	<unused6102>
262005	<unused6103>
262006	<unused6104>
262007	<unused6105>
262008	<unused6106>
262009	<unused6107>
262010	<unused6108>
262011	<unused6109>
262012	<unused6110>
262013	<unused6111>
262014	<unused6112>
262015	<unused6113>
262016	<unused6114>
262017	<unused6115>
262018	<unused6116>
262019	<unused6117>
262020	<unused6118>
262021	<unused6119>
262022	<unused6120>
262023	<unused6121>
262024	<unused6122>
262025	<unused6123>
262026	<unused6124>
262027	<unused6125>
262028	<unused6126>
262029	<unused6127>
262030	<unused6128>
262031	<unused6129>
262032	<unused6130>
262033	<unused6131>
262034	<unused6132>
262035	<unused6133>
262036	<unused6134>
262037	<unused6135>
262038	<unused6136>
262039	<unused6137>
262040	<unused6138>
262041	<unused6139>
262042	<unused6140>
262043	<unused6141>
262044	<unused6142>
262045	<unused6143>
262046	<unused6144>
262047	<unused6145>
262048	<unused6146>
262049	<unused6147>
262050	<unused6148>
262051	<unused6149>
262052	<unused6150>
262053	<unused6151>
262054	<unused6152>
262055	<unused6153>
262056	<unused6154>
262057	<unused6155>
262058	<unused6156>
262059	<unused6157>
262060	<unused6158>
262061	<unused6159>
262062	<unused6160>
262063	<unused6161>
262064	<unused6162>
262065	<unused6163>
262066	<unused6164>
262067	<unused6165>
262068	<unused6166>
262069	<unused6167>
262070	<unused6168>
262071	<unused6169>
262072	<unused6170>
262073	<unused6171>
262074	<unused6172>
262075	<unused6173>
262076	<unused6174>
262077	<unused6175>
262078	<unused6176>
262079	<unused6177>
262080	<unused6178>
262081	<unused6179>
262082	<unused6180>
262083	<unused6181>
262084	<unused6182>
262085	<unused6183>
262086	<unused6184>
262087	<unused6185>
262088	<unused6186>
262089	<unused6187>
262090	<unused6188>
262091	<unused6189>
262092	<unused6190>
262093	<unused6191>
262094	<unused6192>
262095	<unused6193>
262096	<unused6194>
262097	<unused6195>
262098	<unused6196>
262099	<unused6197>
262100	<unused6198>
262101	<unused6199>
262102	<unused6200>
262103	<unused6201>
262104	<unused6202>
262105	<unused6203>
262106	<unused6204>
262107	<unused6205>
262108	<unused6206>
262109	<unused6207>
262110	<unused6208>
262111	<unused6209>
262112	<unused6210>
262113	<unused6211>
262114	<unused6212>
262115	<unused6213>
262116	<unused6214>
262117	<unused6215>
262118	<unused6216>
262119	<unused6217>
262120	<unused6218>
262121	<unused6219>
262122	<unused6220>
262123	<unused6221>
262124	<unused6222>
262125	<unused6223>
262126	<unused6224>
262127	<unused6225>
262128	<unused6226>
262129	<unused6227>
262130	<unused6228>
262131	<unused6229>
262132	<unused6230>
262133	<unused6231>
262134	<unused6232>
262135	<unused6233>
262136	<unused6234>
262137	<unused6235>
262138	<unused6236>
262139	<unused6237>
262140	<unused6238>
262141	<unused6239>
262142	<unused6240>
262143	<unused6241>